frame,time_s,NIK-F0_NRMSE,NIK-F0_SSIM,NIK-F0_PSNR,NIK-F0_HaarPSI,NIK-sub5_NRMSE,NIK-sub5_SSIM,NIK-sub5_PSNR,NIK-sub5_HaarPSI,NIK-sub12_NRMSE,NIK-sub12_SSIM,NIK-sub12_PSNR,NIK-sub12_HaarPSI,NIK-sub16_NRMSE,NIK-sub16_SSIM,NIK-sub16_PSNR,NIK-sub16_HaarPSI,NIK-free_NRMSE,NIK-free_SSIM,NIK-free_PSNR,NIK-free_HaarPSI,GRASP-Pro_NRMSE,GRASP-Pro_SSIM,GRASP-Pro_PSNR,GRASP-Pro_HaarPSI,CS-file_NRMSE,CS-file_SSIM,CS-file_PSNR,CS-file_HaarPSI
0,0.26,0.0231,0.8831,32.7265,0.5972,0.0294,0.8793,30.6254,0.5211,0.0130,0.9408,37.7037,0.7489,0.0167,0.9329,35.5334,0.7597,0.0133,0.9396,37.5139,0.7161,0.0080,0.9680,41.9621,0.8435,0.0112,0.9319,38.9802,0.7381
1,0.78,0.0231,0.8831,32.7265,0.5972,0.0295,0.8798,30.6001,0.5203,0.0130,0.9408,37.6940,0.7483,0.0167,0.9331,35.5371,0.7603,0.0132,0.9411,37.5770,0.7205,0.0088,0.9653,41.0827,0.8420,0.0109,0.9354,39.2837,0.7567
2,1.30,0.0231,0.8831,32.7265,0.5972,0.0295,0.8802,30.5901,0.5201,0.0131,0.9407,37.6852,0.7479,0.0167,0.9332,35.5357,0.7608,0.0132,0.9423,37.6209,0.7239,0.0072,0.9755,42.8103,0.8754,0.0104,0.9405,39.6306,0.7837
3,1.83,0.0231,0.8831,32.7265,0.5972,0.0295,0.8804,30.5911,0.5201,0.0131,0.9406,37.6799,0.7477,0.0167,0.9332,35.5305,0.7613,0.0131,0.9431,37.6567,0.7268,0.0083,0.9676,41.6104,0.8370,0.0100,0.9455,40.0119,0.8013
4,2.35,0.0231,0.8831,32.7265,0.5972,0.0295,0.8805,30.5982,0.5203,0.0131,0.9406,37.6782,0.7475,0.0167,0.9332,35.5219,0.7618,0.0130,0.9438,37.6889,0.7291,0.0085,0.9680,41.3890,0.8521,0.0096,0.9494,40.3461,0.8168
5,2.87,0.0231,0.8831,32.7265,0.5972,0.0295,0.8805,30.6070,0.5205,0.0131,0.9406,37.6790,0.7475,0.0168,0.9332,35.5103,0.7621,0.0130,0.9444,37.7185,0.7311,0.0076,0.9746,42.3587,0.8692,0.0093,0.9521,40.6017,0.8278
6,3.39,0.0231,0.8831,32.7265,0.5972,0.0295,0.8805,30.6146,0.5207,0.0131,0.9406,37.6809,0.7475,0.0168,0.9332,35.4964,0.7624,0.0130,0.9448,37.7461,0.7327,0.0083,0.9690,41.6128,0.8387,0.0092,0.9534,40.7446,0.8295
7,3.91,0.0231,0.8831,32.7265,0.5972,0.0294,0.8804,30.6196,0.5208,0.0131,0.9406,37.6826,0.7476,0.0168,0.9332,35.4813,0.7626,0.0129,0.9452,37.7716,0.7341,0.0082,0.9715,41.7272,0.8646,0.0090,0.9556,40.9526,0.8432
8,4.44,0.0231,0.8831,32.7265,0.5972,0.0294,0.8803,30.6218,0.5209,0.0131,0.9405,37.6832,0.7477,0.0169,0.9331,35.4663,0.7628,0.0129,0.9455,37.7948,0.7353,0.0079,0.9737,42.0133,0.8604,0.0089,0.9560,41.0044,0.8437
9,4.96,0.0231,0.8831,32.7265,0.5972,0.0294,0.8803,30.6218,0.5209,0.0131,0.9405,37.6826,0.7477,0.0169,0.9331,35.4532,0.7630,0.0129,0.9458,37.8153,0.7363,0.0081,0.9709,41.7963,0.8449,0.0089,0.9564,41.0015,0.8410
10,5.48,0.0231,0.8831,32.7265,0.5972,0.0294,0.8803,30.6204,0.5208,0.0131,0.9405,37.6809,0.7478,0.0169,0.9330,35.4437,0.7631,0.0128,0.9460,37.8336,0.7371,0.0079,0.9749,42.0450,0.8777,0.0089,0.9563,41.0259,0.8415
11,6.00,0.0231,0.8831,32.7265,0.5972,0.0294,0.8803,30.6186,0.5208,0.0131,0.9405,37.6788,0.7478,0.0169,0.9330,35.4392,0.7631,0.0128,0.9462,37.8493,0.7377,0.0083,0.9722,41.6622,0.8512,0.0089,0.9559,41.0113,0.8397
12,6.52,0.0231,0.8831,32.7265,0.5972,0.0295,0.8803,30.6169,0.5208,0.0131,0.9404,37.6770,0.7477,0.0169,0.9330,35.4405,0.7631,0.0128,0.9463,37.8625,0.7381,0.0079,0.9729,42.0847,0.8531,0.0089,0.9566,41.0599,0.8396
13,7.05,0.0231,0.8831,32.7265,0.5972,0.0295,0.8803,30.6153,0.5207,0.0131,0.9404,37.6762,0.7477,0.0169,0.9331,35.4476,0.7631,0.0128,0.9464,37.8740,0.7383,0.0077,0.9767,42.2789,0.8843,0.0089,0.9562,41.0321,0.8405
14,7.57,0.0231,0.8831,32.7265,0.5972,0.0295,0.8803,30.6136,0.5207,0.0131,0.9404,37.6771,0.7477,0.0169,0.9331,35.4598,0.7630,0.0128,0.9464,37.8838,0.7385,0.0084,0.9714,41.4710,0.8457,0.0089,0.9564,41.0456,0.8444
15,8.09,0.0231,0.8831,32.7265,0.5972,0.0295,0.8803,30.6115,0.5206,0.0131,0.9404,37.6799,0.7477,0.0168,0.9332,35.4754,0.7629,0.0127,0.9465,37.8918,0.7386,0.0074,0.9756,42.6652,0.8658,0.0088,0.9567,41.1072,0.8454
16,8.61,0.0231,0.8831,32.7265,0.5972,0.0295,0.8803,30.6084,0.5205,0.0131,0.9404,37.6847,0.7477,0.0168,0.9333,35.4926,0.7628,0.0127,0.9465,37.8996,0.7386,0.0077,0.9765,42.3266,0.8791,0.0088,0.9573,41.1126,0.8407
17,9.13,0.0231,0.8831,32.7265,0.5972,0.0295,0.8803,30.6042,0.5204,0.0130,0.9404,37.6908,0.7478,0.0168,0.9334,35.5092,0.7627,0.0127,0.9465,37.9067,0.7386,0.0081,0.9735,41.8585,0.8535,0.0088,0.9565,41.0673,0.8387
18,9.66,0.0231,0.8831,32.7265,0.5972,0.0295,0.8803,30.5991,0.5203,0.0130,0.9404,37.6977,0.7478,0.0167,0.9334,35.5233,0.7625,0.0127,0.9465,37.9135,0.7386,0.0064,0.9794,43.8454,0.8863,0.0089,0.9566,41.0514,0.8368
19,10.18,0.0231,0.8831,32.7265,0.5972,0.0295,0.8802,30.5934,0.5201,0.0130,0.9404,37.7042,0.7479,0.0167,0.9335,35.5338,0.7625,0.0127,0.9465,37.9208,0.7386,0.0078,0.9753,42.1865,0.8691,0.0089,0.9564,41.0318,0.8400
20,10.70,0.0231,0.8831,32.7265,0.5972,0.0296,0.8802,30.5877,0.5200,0.0130,0.9404,37.7093,0.7479,0.0167,0.9335,35.5401,0.7624,0.0127,0.9466,37.9284,0.7385,0.0072,0.9776,42.8276,0.8734,0.0088,0.9574,41.1017,0.8442
21,11.22,0.0231,0.8831,32.7265,0.5972,0.0296,0.8802,30.5831,0.5199,0.0130,0.9404,37.7122,0.7479,0.0167,0.9334,35.5424,0.7623,0.0127,0.9466,37.9361,0.7385,0.0056,0.9829,45.1116,0.9083,0.0087,0.9585,41.1831,0.8486
22,11.74,0.0231,0.8831,32.7265,0.5972,0.0296,0.8801,30.5805,0.5199,0.0130,0.9405,37.7125,0.7479,0.0167,0.9334,35.5419,0.7623,0.0127,0.9466,37.9436,0.7385,0.0079,0.9745,42.0374,0.8596,0.0088,0.9581,41.1386,0.8432
23,12.27,0.0231,0.8831,32.7265,0.5972,0.0296,0.8802,30.5806,0.5199,0.0130,0.9404,37.7101,0.7478,0.0167,0.9333,35.5403,0.7622,0.0127,0.9465,37.9513,0.7385,0.0063,0.9816,44.0470,0.8943,0.0087,0.9585,41.1839,0.8469
24,12.79,0.0231,0.8831,32.7265,0.5972,0.0296,0.8802,30.5836,0.5200,0.0130,0.9404,37.7055,0.7476,0.0167,0.9333,35.5396,0.7621,0.0126,0.9465,37.9587,0.7386,0.0055,0.9836,45.2097,0.9173,0.0088,0.9581,41.1563,0.8479
25,13.31,0.0231,0.8831,32.7265,0.5972,0.0296,0.8802,30.5885,0.5201,0.0130,0.9404,37.7001,0.7474,0.0167,0.9333,35.5418,0.7619,0.0126,0.9465,37.9652,0.7386,0.0077,0.9753,42.2905,0.8635,0.0087,0.9585,41.2181,0.8455
26,13.83,0.0231,0.8831,32.7265,0.5972,0.0295,0.8803,30.5929,0.5202,0.0130,0.9404,37.6959,0.7472,0.0167,0.9333,35.5481,0.7616,0.0126,0.9464,37.9715,0.7385,0.0057,0.9838,44.9370,0.9096,0.0087,0.9589,41.1991,0.8467
27,14.35,0.0231,0.8831,32.7265,0.5972,0.0295,0.8803,30.5934,0.5201,0.0130,0.9403,37.6949,0.7471,0.0167,0.9334,35.5583,0.7613,0.0126,0.9464,37.9762,0.7384,0.0062,0.9809,44.1756,0.9098,0.0087,0.9589,41.2072,0.8471
28,14.87,0.0231,0.8831,32.7265,0.5972,0.0296,0.8802,30.5861,0.5198,0.0130,0.9403,37.6976,0.7472,0.0167,0.9335,35.5703,0.7611,0.0126,0.9462,37.9790,0.7382,0.0072,0.9768,42.8189,0.8750,0.0087,0.9586,41.1696,0.8495
29,15.40,0.0231,0.8831,32.7265,0.5972,0.0296,0.8799,30.5689,0.5192,0.0130,0.9403,37.7013,0.7475,0.0166,0.9336,35.5803,0.7611,0.0126,0.9460,37.9786,0.7377,0.0057,0.9828,44.9259,0.9093,0.0087,0.9595,41.2581,0.8492
30,15.92,0.0231,0.8831,32.7265,0.5972,0.0297,0.8796,30.5439,0.5183,0.0130,0.9403,37.6988,0.7480,0.0166,0.9336,35.5832,0.7612,0.0126,0.9457,37.9735,0.7368,0.0068,0.9790,43.4092,0.9014,0.0087,0.9594,41.2339,0.8468
31,16.44,0.0231,0.8831,32.7265,0.5972,0.0298,0.8793,30.5189,0.5174,0.0131,0.9402,37.6814,0.7485,0.0166,0.9336,35.5745,0.7615,0.0126,0.9453,37.9613,0.7357,0.0067,0.9782,43.4834,0.8892,0.0087,0.9589,41.2076,0.8442
32,16.96,0.0231,0.8831,32.7265,0.5972,0.0298,0.8791,30.5067,0.5170,0.0131,0.9400,37.6484,0.7490,0.0167,0.9335,35.5538,0.7617,0.0127,0.9447,37.9414,0.7342,0.0061,0.9793,44.3214,0.8950,0.0087,0.9588,41.2070,0.8470
33,17.48,0.0231,0.8831,32.7265,0.5972,0.0298,0.8791,30.5192,0.5175,0.0132,0.9398,37.6209,0.7495,0.0167,0.9332,35.5304,0.7617,0.0127,0.9438,37.9114,0.7324,0.0068,0.9794,43.3185,0.9060,0.0087,0.9590,41.1998,0.8480
34,18.01,0.0231,0.8831,32.7265,0.5972,0.0297,0.8795,30.5574,0.5189,0.0131,0.9395,37.6428,0.7496,0.0167,0.9329,35.5330,0.7611,0.0128,0.9425,37.8672,0.7296,0.0064,0.9785,43.9244,0.8975,0.0089,0.9581,41.0372,0.8434
35,18.53,0.0231,0.8831,32.7265,0.5972,0.0295,0.8803,30.5976,0.5206,0.0130,0.9394,37.7412,0.7487,0.0166,0.9326,35.6204,0.7585,0.0129,0.9404,37.7910,0.7251,0.0067,0.9748,43.4462,0.8758,0.0090,0.9573,40.8787,0.8434
36,19.05,0.0231,0.8831,32.7212,0.5969,0.0296,0.8810,30.5825,0.5202,0.0129,0.9392,37.8177,0.7440,0.0161,0.9329,35.8828,0.7522,0.0131,0.9371,37.6375,0.7171,0.0066,0.9804,43.6288,0.9106,0.0093,0.9554,40.6024,0.8359
37,19.57,0.0250,0.8761,32.0395,0.5805,0.0298,0.8849,30.5231,0.5156,0.0129,0.9412,37.7647,0.7358,0.0149,0.9380,36.5269,0.7464,0.0133,0.9353,37.5514,0.7061,0.0059,0.9807,44.6520,0.8966,0.0095,0.9552,40.4801,0.8250
38,20.09,0.0308,0.8548,30.2274,0.5303,0.0306,0.8891,30.2939,0.5244,0.0139,0.9426,37.1296,0.7417,0.0133,0.9448,37.5551,0.7612,0.0134,0.9326,37.4542,0.7018,0.0062,0.9790,44.1921,0.8894,0.0098,0.9523,40.1709,0.8175
39,20.62,0.0394,0.8275,28.0903,0.4905,0.0319,0.8889,29.9332,0.5457,0.0168,0.9373,35.5149,0.7297,0.0126,0.9447,38.0086,0.7512,0.0141,0.9252,36.9977,0.6859,0.0080,0.9756,41.8888,0.8875,0.0107,0.9460,39.4340,0.8034
40,21.14,0.0482,0.8028,26.3337,0.4644,0.0337,0.8854,29.4438,0.5868,0.0215,0.9268,33.3611,0.7137,0.0137,0.9402,37.2743,0.7361,0.0155,0.9169,36.1931,0.6654,0.0118,0.9630,38.5349,0.8293,0.0120,0.9398,38.4521,0.7897
41,21.66,0.0558,0.7810,25.0677,0.4478,0.0365,0.8784,28.7474,0.6176,0.0280,0.9099,31.0438,0.6874,0.0161,0.9337,35.8483,0.7215,0.0173,0.9079,35.2416,0.6420,0.0142,0.9627,36.9542,0.8313,0.0139,0.9319,37.1411,0.7630
42,22.18,0.0614,0.7617,24.2385,0.4372,0.0401,0.8684,27.9409,0.6260,0.0361,0.8862,28.8601,0.6557,0.0191,0.9258,34.3926,0.7103,0.0191,0.8987,34.3574,0.6227,0.0188,0.9432,34.5338,0.7826,0.0167,0.9221,35.5445,0.7269
43,22.70,0.0649,0.7452,23.7489,0.4261,0.0440,0.8562,27.1394,0.6222,0.0447,0.8587,26.9873,0.6262,0.0219,0.9173,33.1984,0.6995,0.0208,0.8904,33.6297,0.6083,0.0221,0.9345,33.1046,0.7677,0.0196,0.9111,34.1675,0.6944
44,23.23,0.0668,0.7316,23.5023,0.4041,0.0478,0.8437,26.4128,0.6123,0.0531,0.8322,25.4930,0.5960,0.0243,0.9089,32.3045,0.6905,0.0223,0.8828,33.0445,0.5935,0.0237,0.9404,32.5135,0.7830,0.0215,0.9060,33.3313,0.6587
45,23.75,0.0674,0.7208,23.4239,0.3790,0.0512,0.8321,25.8088,0.6006,0.0605,0.8101,24.3669,0.5679,0.0261,0.9012,31.6781,0.6831,0.0235,0.8756,32.5607,0.5815,0.0274,0.9134,31.2311,0.6977,0.0248,0.8941,32.1215,0.6305
46,24.27,0.0672,0.7127,23.4506,0.3610,0.0540,0.8225,25.3456,0.5794,0.0665,0.7929,23.5477,0.5193,0.0274,0.8942,31.2562,0.6746,0.0247,0.8685,32.1435,0.5691,0.0267,0.9199,31.4613,0.7250,0.0276,0.8797,31.1919,0.5902
47,24.79,0.0665,0.7068,23.5377,0.3538,0.0561,0.8153,25.0240,0.5450,0.0711,0.7802,22.9665,0.4784,0.0282,0.8881,30.9877,0.6592,0.0258,0.8615,31.7825,0.5588,0.0287,0.9140,30.8482,0.6960,0.0298,0.8669,30.5112,0.5643
48,25.31,0.0656,0.7030,23.6555,0.3542,0.0573,0.8107,24.8303,0.5208,0.0744,0.7714,22.5712,0.4720,0.0287,0.8830,30.8367,0.6452,0.0267,0.8548,31.4703,0.5537,0.0310,0.8822,30.1835,0.5997,0.0324,0.8594,29.7948,0.5624
49,25.84,0.0646,0.7013,23.7896,0.3583,0.0580,0.8082,24.7358,0.5176,0.0764,0.7663,22.3421,0.4795,0.0290,0.8787,30.7602,0.6268,0.0276,0.8479,31.1835,0.5459,0.0268,0.9025,31.4441,0.6626,0.0344,0.8473,29.2629,0.5387
50,26.36,0.0636,0.7014,23.9298,0.3655,0.0582,0.8073,24.7064,0.5315,0.0769,0.7650,22.2808,0.4884,0.0292,0.8747,30.7006,0.6160,0.0285,0.8406,30.8968,0.5380,0.0308,0.8885,30.2327,0.6204,0.0366,0.8355,28.7361,0.5156
51,26.88,0.0626,0.7030,24.0734,0.3754,0.0581,0.8075,24.7194,0.5486,0.0758,0.7677,22.4067,0.5008,0.0295,0.8702,30.5965,0.6122,0.0296,0.8329,30.5861,0.5309,0.0322,0.8658,29.8390,0.5554,0.0383,0.8251,28.3265,0.5066
52,27.40,0.0609,0.7082,24.3103,0.3868,0.0573,0.8117,24.8350,0.5666,0.0726,0.7775,22.7792,0.5164,0.0298,0.8684,30.5029,0.6282,0.0305,0.8284,30.3133,0.5238,0.0258,0.8848,31.7692,0.6052,0.0390,0.8116,28.1843,0.4946
53,27.92,0.0573,0.7216,24.8430,0.3961,0.0549,0.8266,25.2150,0.5787,0.0668,0.8006,23.5065,0.5283,0.0294,0.8770,30.6337,0.6359,0.0307,0.8354,30.2656,0.5141,0.0310,0.8821,30.1794,0.5377,0.0400,0.8055,27.9549,0.4895
54,28.44,0.0523,0.7414,25.6255,0.4230,0.0509,0.8469,25.8659,0.6160,0.0588,0.8307,24.6066,0.5621,0.0285,0.8885,30.8997,0.6540,0.0304,0.8462,30.3497,0.5294,0.0278,0.8856,31.1200,0.5544,0.0405,0.8066,27.8605,0.5021
55,28.97,0.0470,0.7633,26.5608,0.4420,0.0458,0.8650,26.7749,0.6352,0.0498,0.8577,26.0531,0.5822,0.0276,0.8952,31.1943,0.6587,0.0300,0.8528,30.4525,0.5360,0.0222,0.9043,33.0898,0.6271,0.0414,0.7943,27.6636,0.4978
56,29.49,0.0421,0.7828,27.5136,0.4552,0.0402,0.8788,27.9056,0.6441,0.0411,0.8767,27.7219,0.5967,0.0268,0.8984,31.4495,0.6596,0.0298,0.8565,30.5170,0.5408,0.0244,0.9101,32.2587,0.6061,0.0417,0.7954,27.5902,0.5082
57,30.01,0.0383,0.7988,28.3467,0.4658,0.0347,0.8892,29.1869,0.6468,0.0344,0.8871,29.2600,0.6056,0.0262,0.9003,31.6483,0.6591,0.0297,0.8599,30.5542,0.5467,0.0206,0.9137,33.7386,0.6254,0.0427,0.7878,27.3960,0.4964
58,30.53,0.0357,0.8125,28.9469,0.4808,0.0299,0.8966,30.4767,0.6503,0.0315,0.8889,30.0261,0.6134,0.0257,0.9017,31.7909,0.6602,0.0295,0.8637,30.5966,0.5549,0.0223,0.9178,33.0209,0.6505,0.0437,0.7832,27.1904,0.4926
59,31.05,0.0345,0.8252,29.2475,0.4988,0.0264,0.9012,31.5523,0.6529,0.0327,0.8832,29.7092,0.6206,0.0254,0.9030,31.8918,0.6629,0.0293,0.8680,30.6581,0.5646,0.0211,0.9234,33.4996,0.6374,0.0437,0.7777,27.1885,0.4930
60,31.58,0.0345,0.8374,29.2345,0.5183,0.0247,0.9032,32.1524,0.6538,0.0364,0.8724,28.7723,0.6124,0.0252,0.9043,31.9674,0.6659,0.0290,0.8724,30.7376,0.5732,0.0238,0.9261,32.4556,0.6727,0.0438,0.7795,27.1676,0.4962
61,32.10,0.0357,0.8493,28.9428,0.5382,0.0248,0.9033,32.1282,0.6464,0.0409,0.8596,27.7742,0.5948,0.0250,0.9059,32.0322,0.6697,0.0288,0.8765,30.8237,0.5800,0.0232,0.9335,32.6922,0.6868,0.0438,0.7811,27.1668,0.5063
62,32.62,0.0379,0.8602,28.4268,0.5463,0.0264,0.9017,31.5626,0.6266,0.0449,0.8475,26.9539,0.5835,0.0249,0.9076,32.0917,0.6746,0.0285,0.8801,30.8977,0.5829,0.0221,0.9384,33.1244,0.6872,0.0431,0.7885,27.3138,0.5088
63,33.14,0.0409,0.8694,27.7722,0.5656,0.0292,0.8986,30.6924,0.6317,0.0481,0.8379,26.3609,0.5950,0.0247,0.9093,32.1326,0.6763,0.0284,0.8829,30.9443,0.5897,0.0305,0.9416,30.3054,0.7279,0.0425,0.7932,27.4310,0.5149
64,33.66,0.0443,0.8757,27.0707,0.5962,0.0325,0.8941,29.7490,0.6400,0.0503,0.8315,25.9769,0.6119,0.0247,0.9107,32.1390,0.6764,0.0283,0.8848,30.9495,0.5965,0.0236,0.9494,32.5450,0.7293,0.0419,0.7928,27.5595,0.5092
65,34.19,0.0477,0.8787,26.4285,0.6301,0.0359,0.8888,28.8926,0.6441,0.0514,0.8286,25.7767,0.6300,0.0248,0.9117,32.1088,0.6772,0.0285,0.8859,30.9146,0.6007,0.0277,0.9513,31.1389,0.7188,0.0409,0.8009,27.7649,0.5169
66,34.71,0.0504,0.8791,25.9477,0.6496,0.0388,0.8837,28.2232,0.6456,0.0516,0.8294,25.7459,0.6467,0.0249,0.9122,32.0800,0.6831,0.0286,0.8862,30.8708,0.6017,0.0341,0.9529,29.3356,0.7305,0.0403,0.8087,27.8955,0.5254
67,35.23,0.0519,0.8788,25.7034,0.6585,0.0408,0.8800,27.7802,0.6442,0.0509,0.8338,25.8719,0.6571,0.0248,0.9128,32.0978,0.6929,0.0286,0.8865,30.8679,0.6032,0.0245,0.9588,32.2286,0.7680,0.0397,0.8117,28.0231,0.5205
68,35.75,0.0518,0.8792,25.7061,0.6585,0.0418,0.8789,27.5669,0.6419,0.0493,0.8416,26.1448,0.6639,0.0246,0.9139,32.1989,0.7002,0.0284,0.8871,30.9327,0.6037,0.0325,0.9579,29.7523,0.7584,0.0390,0.8186,28.1678,0.5341
69,36.27,0.0516,0.8797,25.7531,0.6577,0.0422,0.8796,27.4994,0.6429,0.0472,0.8510,26.5270,0.6701,0.0243,0.9149,32.3041,0.7035,0.0281,0.8882,31.0121,0.6046,0.0335,0.9603,29.5044,0.7888,0.0385,0.8208,28.2886,0.5427
70,36.80,0.0512,0.8802,25.8146,0.6583,0.0420,0.8816,27.5409,0.6471,0.0446,0.8610,27.0087,0.6785,0.0239,0.9158,32.4155,0.7070,0.0279,0.8897,31.0919,0.6073,0.0207,0.9674,33.6686,0.8106,0.0381,0.8213,28.3776,0.5356
71,37.32,0.0505,0.8810,25.9368,0.6593,0.0413,0.8844,27.6829,0.6516,0.0417,0.8709,27.6054,0.6854,0.0238,0.9166,32.4648,0.7102,0.0276,0.8915,31.1806,0.6109,0.0319,0.9618,29.9362,0.7966,0.0376,0.8239,28.4860,0.5469
72,37.84,0.0494,0.8822,26.1288,0.6606,0.0402,0.8878,27.9055,0.6566,0.0385,0.8802,28.2866,0.6916,0.0238,0.9173,32.4721,0.7137,0.0272,0.8939,31.2997,0.6156,0.0281,0.9657,31.0336,0.8197,0.0366,0.8247,28.7393,0.5391
73,38.36,0.0479,0.8839,26.4003,0.6623,0.0389,0.8916,28.2027,0.6628,0.0354,0.8887,29.0127,0.6972,0.0238,0.9182,32.4858,0.7172,0.0267,0.8967,31.4581,0.6213,0.0210,0.9713,33.5499,0.8349,0.0356,0.8298,28.9711,0.5535
74,38.88,0.0459,0.8861,26.7588,0.6647,0.0372,0.8961,28.5814,0.6708,0.0325,0.8965,29.7491,0.7030,0.0236,0.9195,32.5551,0.7214,0.0261,0.9001,31.6577,0.6283,0.0287,0.9639,30.8451,0.8184,0.0343,0.8356,29.2927,0.5651
75,39.40,0.0436,0.8889,27.2078,0.6679,0.0352,0.9011,29.0586,0.6805,0.0299,0.9038,30.4790,0.7095,0.0231,0.9214,32.7189,0.7270,0.0254,0.9037,31.8915,0.6357,0.0191,0.9723,34.3763,0.8508,0.0326,0.8435,29.7462,0.5615
76,39.93,0.0409,0.8925,27.7577,0.6716,0.0329,0.9067,29.6666,0.6915,0.0275,0.9108,31.2162,0.7171,0.0224,0.9237,32.9932,0.7339,0.0247,0.9075,32.1465,0.6441,0.0196,0.9752,34.1421,0.8580,0.0312,0.8481,30.1232,0.5768
77,40.45,0.0380,0.8968,28.3960,0.6766,0.0302,0.9125,30.4131,0.7031,0.0252,0.9172,31.9572,0.7245,0.0215,0.9263,33.3601,0.7421,0.0240,0.9113,32.4028,0.6533,0.0200,0.9730,33.9871,0.8512,0.0295,0.8514,30.5952,0.5823
78,40.97,0.0351,0.9017,29.0920,0.6826,0.0273,0.9180,31.2796,0.7138,0.0232,0.9229,32.6740,0.7312,0.0205,0.9288,33.7773,0.7500,0.0233,0.9147,32.6353,0.6622,0.0108,0.9800,39.2943,0.8765,0.0277,0.8592,31.1449,0.5869
79,41.49,0.0324,0.9069,29.7795,0.6891,0.0245,0.9228,32.2000,0.7224,0.0216,0.9273,33.3023,0.7376,0.0195,0.9309,34.1797,0.7560,0.0229,0.9176,32.8136,0.6695,0.0148,0.9803,36.5782,0.8826,0.0264,0.8651,31.5651,0.5930
80,42.01,0.0303,0.9114,30.3709,0.6959,0.0222,0.9265,33.0639,0.7297,0.0205,0.9304,33.7652,0.7438,0.0188,0.9324,34.4969,0.7604,0.0226,0.9195,32.9159,0.6762,0.0097,0.9858,40.2286,0.8989,0.0251,0.8688,32.0102,0.5964
81,42.54,0.0289,0.9143,30.7863,0.7016,0.0206,0.9290,33.7320,0.7356,0.0199,0.9321,34.0205,0.7489,0.0184,0.9331,34.6939,0.7633,0.0225,0.9203,32.9556,0.6814,0.0087,0.9865,41.2041,0.9065,0.0242,0.8748,32.3354,0.6094
82,43.06,0.0281,0.9154,31.0144,0.7046,0.0197,0.9301,34.1149,0.7396,0.0197,0.9328,34.1176,0.7519,0.0182,0.9332,34.7876,0.7642,0.0224,0.9206,32.9877,0.6839,0.0107,0.9845,39.4089,0.8977,0.0235,0.8792,32.5952,0.6141
83,43.58,0.0279,0.9157,31.0965,0.7055,0.0195,0.9299,34.1914,0.7400,0.0196,0.9331,34.1473,0.7533,0.0182,0.9331,34.8080,0.7638,0.0222,0.9211,33.0699,0.6856,0.0094,0.9863,40.5035,0.9016,0.0235,0.8793,32.5962,0.6148
84,44.10,0.0278,0.9159,31.1178,0.7062,0.0196,0.9290,34.1332,0.7389,0.0196,0.9333,34.1676,0.7537,0.0182,0.9328,34.7925,0.7629,0.0220,0.9216,33.1385,0.6867,0.0078,0.9892,42.1344,0.9228,0.0235,0.8791,32.5695,0.6142
85,44.62,0.0278,0.9160,31.1308,0.7068,0.0197,0.9285,34.0960,0.7381,0.0195,0.9334,34.2131,0.7540,0.0182,0.9327,34.7893,0.7625,0.0220,0.9218,33.1632,0.6871,0.0109,0.9830,39.2624,0.8889,0.0234,0.8788,32.6159,0.6144
86,45.15,0.0277,0.9162,31.1439,0.7075,0.0198,0.9284,34.0846,0.7380,0.0193,0.9335,34.2827,0.7545,0.0182,0.9326,34.7987,0.7624,0.0220,0.9219,33.1656,0.6869,0.0079,0.9891,42.0758,0.9214,0.0236,0.8787,32.5577,0.6185
87,45.67,0.0277,0.9163,31.1574,0.7081,0.0198,0.9285,34.0854,0.7381,0.0191,0.9337,34.3653,0.7550,0.0182,0.9326,34.8128,0.7625,0.0220,0.9219,33.1556,0.6866,0.0085,0.9895,41.4173,0.9260,0.0237,0.8751,32.5083,0.6158
88,46.19,0.0276,0.9165,31.1713,0.7087,0.0198,0.9286,34.0868,0.7384,0.0189,0.9339,34.4479,0.7556,0.0181,0.9325,34.8245,0.7626,0.0220,0.9218,33.1385,0.6862,0.0101,0.9836,39.8771,0.8965,0.0234,0.8788,32.5992,0.6182
89,46.71,0.0276,0.9166,31.1856,0.7094,0.0198,0.9287,34.0829,0.7385,0.0188,0.9340,34.5219,0.7560,0.0181,0.9325,34.8307,0.7626,0.0221,0.9217,33.1182,0.6859,0.0071,0.9908,42.9563,0.9332,0.0235,0.8791,32.5654,0.6249
90,47.23,0.0275,0.9168,31.2003,0.7101,0.0198,0.9286,34.0726,0.7385,0.0187,0.9341,34.5831,0.7564,0.0181,0.9324,34.8313,0.7625,0.0221,0.9217,33.0963,0.6856,0.0102,0.9864,39.8424,0.9074,0.0235,0.8776,32.5942,0.6174
91,47.76,0.0275,0.9169,31.2153,0.7107,0.0198,0.9285,34.0577,0.7384,0.0186,0.9342,34.6305,0.7567,0.0181,0.9324,34.8277,0.7624,0.0222,0.9216,33.0744,0.6853,0.0084,0.9867,41.4957,0.9161,0.0234,0.8797,32.6074,0.6201
92,48.28,0.0274,0.9171,31.2307,0.7114,0.0199,0.9284,34.0407,0.7382,0.0185,0.9343,34.6650,0.7570,0.0182,0.9323,34.8213,0.7623,0.0223,0.9215,33.0529,0.6851,0.0081,0.9901,41.8752,0.9265,0.0238,0.8761,32.4761,0.6120
93,48.80,0.0274,0.9172,31.2465,0.7121,0.0199,0.9282,34.0246,0.7380,0.0184,0.9344,34.6883,0.7572,0.0182,0.9322,34.8136,0.7622,0.0223,0.9214,33.0323,0.6849,0.0108,0.9839,39.3077,0.8947,0.0237,0.8740,32.4924,0.6062
94,49.32,0.0273,0.9173,31.2627,0.7127,0.0199,0.9280,34.0111,0.7378,0.0184,0.9344,34.7025,0.7574,0.0182,0.9321,34.8057,0.7622,0.0224,0.9212,33.0131,0.6847,0.0068,0.9898,43.3797,0.9305,0.0236,0.8768,32.5303,0.6214
95,49.84,0.0273,0.9175,31.2792,0.7134,0.0199,0.9279,34.0012,0.7377,0.0184,0.9344,34.7097,0.7575,0.0182,0.9320,34.7982,0.7622,0.0224,0.9211,32.9949,0.6844,0.0099,0.9866,40.0802,0.9026,0.0238,0.8744,32.4525,0.6167
96,50.37,0.0272,0.9176,31.2960,0.7140,0.0200,0.9278,33.9947,0.7376,0.0184,0.9344,34.7119,0.7575,0.0182,0.9319,34.7912,0.7621,0.0224,0.9209,32.9772,0.6842,0.0099,0.9850,40.1005,0.9038,0.0236,0.8754,32.5476,0.6115
97,50.89,0.0272,0.9178,31.3133,0.7147,0.0200,0.9278,33.9908,0.7375,0.0184,0.9344,34.7107,0.7575,0.0182,0.9319,34.7848,0.7620,0.0225,0.9207,32.9604,0.6840,0.0067,0.9910,43.5251,0.9274,0.0237,0.8761,32.5223,0.6159
98,51.41,0.0271,0.9179,31.3309,0.7153,0.0200,0.9278,33.9885,0.7375,0.0184,0.9343,34.7077,0.7574,0.0182,0.9318,34.7788,0.7620,0.0225,0.9205,32.9431,0.6838,0.0111,0.9827,39.0739,0.8796,0.0237,0.8745,32.4881,0.6084
99,51.93,0.0271,0.9181,31.3488,0.7159,0.0200,0.9278,33.9868,0.7374,0.0184,0.9343,34.7039,0.7573,0.0183,0.9317,34.7732,0.7619,0.0226,0.9203,32.9260,0.6835,0.0078,0.9890,42.1857,0.9277,0.0237,0.8743,32.4991,0.6055
100,52.45,0.0270,0.9182,31.3671,0.7165,0.0200,0.9278,33.9852,0.7373,0.0184,0.9343,34.7002,0.7572,0.0183,0.9317,34.7678,0.7618,0.0226,0.9200,32.9085,0.6832,0.0081,0.9890,41.8069,0.9047,0.0237,0.8759,32.5003,0.6125
101,52.97,0.0270,0.9184,31.3857,0.7171,0.0200,0.9277,33.9835,0.7371,0.0184,0.9342,34.6974,0.7571,0.0183,0.9316,34.7628,0.7616,0.0227,0.9198,32.8905,0.6829,0.0107,0.9825,39.3838,0.8792,0.0238,0.8739,32.4503,0.6097
102,53.50,0.0269,0.9185,31.4047,0.7178,0.0200,0.9277,33.9816,0.7370,0.0184,0.9342,34.6958,0.7570,0.0183,0.9316,34.7581,0.7615,0.0227,0.9196,32.8719,0.6826,0.0061,0.9921,44.2232,0.9424,0.0237,0.8757,32.4952,0.6164
103,54.02,0.0268,0.9187,31.4240,0.7184,0.0200,0.9277,33.9793,0.7368,0.0184,0.9342,34.6960,0.7570,0.0183,0.9315,34.7539,0.7613,0.0228,0.9194,32.8532,0.6824,0.0098,0.9845,40.1731,0.8753,0.0235,0.8782,32.5750,0.6207
104,54.54,0.0268,0.9188,31.4437,0.7189,0.0200,0.9276,33.9766,0.7365,0.0184,0.9342,34.6983,0.7569,0.0183,0.9315,34.7501,0.7612,0.0228,0.9191,32.8335,0.6821,0.0092,0.9855,40.7571,0.8928,0.0240,0.8745,32.3918,0.6044
105,55.06,0.0267,0.9190,31.4636,0.7195,0.0200,0.9275,33.9733,0.7363,0.0184,0.9341,34.7026,0.7569,0.0183,0.9314,34.7469,0.7610,0.0229,0.9189,32.8147,0.6817,0.0074,0.9910,42.6452,0.9289,0.0241,0.8717,32.3573,0.6011
106,55.58,0.0267,0.9191,31.4839,0.7201,0.0200,0.9274,33.9694,0.7361,0.0184,0.9341,34.7087,0.7569,0.0183,0.9314,34.7439,0.7609,0.0229,0.9187,32.7958,0.6814,0.0087,0.9868,41.2038,0.8884,0.0240,0.8723,32.4015,0.5998
107,56.11,0.0266,0.9192,31.5046,0.7207,0.0200,0.9274,33.9650,0.7359,0.0184,0.9342,34.7161,0.7569,0.0183,0.9314,34.7413,0.7607,0.0230,0.9185,32.7765,0.6811,0.0083,0.9879,41.6002,0.9018,0.0242,0.8703,32.3415,0.6029
108,56.63,0.0265,0.9194,31.5256,0.7213,0.0200,0.9273,33.9599,0.7358,0.0184,0.9342,34.7241,0.7568,0.0183,0.9313,34.7386,0.7606,0.0230,0.9183,32.7586,0.6807,0.0104,0.9852,39.6339,0.8907,0.0240,0.8731,32.4088,0.6087
109,57.15,0.0265,0.9195,31.5468,0.7219,0.0201,0.9273,33.9544,0.7357,0.0183,0.9342,34.7317,0.7568,0.0183,0.9313,34.7357,0.7604,0.0231,0.9182,32.7417,0.6803,0.0087,0.9873,41.2372,0.8942,0.0240,0.8745,32.4062,0.6084
110,57.67,0.0264,0.9197,31.5684,0.7225,0.0201,0.9273,33.9484,0.7356,0.0183,0.9342,34.7382,0.7568,0.0183,0.9312,34.7324,0.7603,0.0231,0.9180,32.7255,0.6799,0.0104,0.9864,39.6860,0.8951,0.0239,0.8731,32.4158,0.6060
111,58.19,0.0263,0.9198,31.5903,0.7232,0.0201,0.9272,33.9422,0.7356,0.0183,0.9342,34.7430,0.7568,0.0183,0.9312,34.7286,0.7602,0.0231,0.9179,32.7115,0.6795,0.0110,0.9824,39.1803,0.8714,0.0238,0.8747,32.4847,0.6132
112,58.72,0.0263,0.9200,31.6126,0.7238,0.0201,0.9272,33.9360,0.7355,0.0183,0.9342,34.7457,0.7569,0.0184,0.9311,34.7242,0.7601,0.0232,0.9178,32.6989,0.6792,0.0087,0.9869,41.2124,0.8943,0.0239,0.8750,32.4148,0.6075
113,59.24,0.0262,0.9201,31.6351,0.7245,0.0201,0.9272,33.9300,0.7354,0.0183,0.9341,34.7464,0.7569,0.0184,0.9311,34.7192,0.7600,0.0232,0.9177,32.6877,0.6788,0.0133,0.9831,37.5088,0.8853,0.0243,0.8708,32.2999,0.5981
114,59.76,0.0261,0.9202,31.6580,0.7251,0.0201,0.9271,33.9244,0.7353,0.0183,0.9341,34.7451,0.7569,0.0184,0.9310,34.7135,0.7599,0.0232,0.9176,32.6780,0.6784,0.0085,0.9870,41.3796,0.8872,0.0243,0.8715,32.2964,0.6085
115,60.28,0.0261,0.9204,31.6811,0.7258,0.0201,0.9271,33.9192,0.7352,0.0183,0.9341,34.7423,0.7569,0.0184,0.9310,34.7074,0.7598,0.0233,0.9175,32.6697,0.6781,0.0080,0.9873,41.8983,0.9037,0.0240,0.8744,32.3846,0.6163
116,60.80,0.0260,0.9205,31.7045,0.7264,0.0202,0.9270,33.9143,0.7350,0.0183,0.9341,34.7382,0.7568,0.0184,0.9309,34.7008,0.7597,0.0233,0.9175,32.6624,0.6777,0.0160,0.9778,35.9075,0.8655,0.0241,0.8743,32.3766,0.6081
117,61.33,0.0259,0.9207,31.7283,0.7270,0.0202,0.9269,33.9095,0.7349,0.0183,0.9340,34.7334,0.7568,0.0184,0.9309,34.6938,0.7595,0.0233,0.9174,32.6563,0.6774,0.0076,0.9890,42.3392,0.8986,0.0241,0.8757,32.3523,0.6095
118,61.85,0.0258,0.9208,31.7523,0.7276,0.0202,0.9269,33.9047,0.7347,0.0183,0.9340,34.7283,0.7567,0.0184,0.9308,34.6867,0.7593,0.0233,0.9174,32.6502,0.6771,0.0073,0.9877,42.7100,0.9139,0.0240,0.8748,32.3883,0.6090
119,62.37,0.0258,0.9209,31.7766,0.7282,0.0202,0.9268,33.8996,0.7346,0.0184,0.9339,34.7233,0.7566,0.0185,0.9308,34.6794,0.7590,0.0233,0.9173,32.6451,0.6768,0.0115,0.9841,38.7846,0.8916,0.0240,0.8745,32.4076,0.6082
120,62.89,0.0257,0.9211,31.8012,0.7287,0.0202,0.9267,33.8941,0.7344,0.0184,0.9339,34.7187,0.7565,0.0185,0.9307,34.6721,0.7588,0.0233,0.9173,32.6400,0.6765,0.0075,0.9894,42.4942,0.9080,0.0239,0.8762,32.4194,0.6136
121,63.41,0.0256,0.9212,31.8260,0.7293,0.0202,0.9266,33.8881,0.7343,0.0184,0.9339,34.7145,0.7565,0.0185,0.9307,34.6650,0.7585,0.0233,0.9173,32.6351,0.6762,0.0087,0.9854,41.2233,0.9071,0.0238,0.8766,32.4578,0.6066
122,63.94,0.0256,0.9214,31.8512,0.7299,0.0202,0.9265,33.8816,0.7342,0.0184,0.9338,34.7110,0.7564,0.0185,0.9306,34.6581,0.7582,0.0234,0.9172,32.6302,0.6759,0.0068,0.9901,43.4091,0.9241,0.0240,0.8769,32.3982,0.6153
123,64.46,0.0255,0.9215,31.8766,0.7305,0.0202,0.9264,33.8744,0.7340,0.0184,0.9338,34.7078,0.7564,0.0185,0.9306,34.6516,0.7579,0.0234,0.9172,32.6249,0.6757,0.0070,0.9900,43.1383,0.9181,0.0240,0.8758,32.4086,0.6127
124,64.98,0.0254,0.9216,31.9023,0.7311,0.0203,0.9263,33.8664,0.7339,0.0184,0.9338,34.7049,0.7563,0.0185,0.9305,34.6455,0.7576,0.0234,0.9171,32.6196,0.6754,0.0109,0.9820,39.2237,0.8933,0.0239,0.8759,32.4418,0.6036
125,65.50,0.0253,0.9218,31.9283,0.7316,0.0203,0.9262,33.8575,0.7337,0.0184,0.9337,34.7021,0.7563,0.0185,0.9304,34.6400,0.7572,0.0234,0.9171,32.6142,0.6752,0.0062,0.9911,44.1116,0.9287,0.0242,0.8744,32.3328,0.6035
126,66.02,0.0253,0.9219,31.9545,0.7322,0.0203,0.9261,33.8478,0.7336,0.0184,0.9337,34.6989,0.7562,0.0185,0.9304,34.6352,0.7569,0.0234,0.9170,32.6082,0.6749,0.0067,0.9901,43.5189,0.9228,0.0242,0.8715,32.3195,0.5971
127,66.54,0.0252,0.9220,31.9809,0.7328,0.0203,0.9260,33.8376,0.7334,0.0184,0.9337,34.6953,0.7562,0.0186,0.9303,34.6310,0.7567,0.0234,0.9169,32.6021,0.6746,0.0085,0.9864,41.4509,0.9134,0.0242,0.8733,32.3302,0.6037
128,67.07,0.0251,0.9222,32.0077,0.7333,0.0204,0.9259,33.8275,0.7333,0.0184,0.9336,34.6911,0.7562,0.0186,0.9303,34.6274,0.7564,0.0235,0.9169,32.5954,0.6744,0.0081,0.9882,41.7876,0.9048,0.0239,0.8751,32.4263,0.6131
129,67.59,0.0250,0.9223,32.0346,0.7339,0.0204,0.9259,33.8181,0.7332,0.0184,0.9336,34.6861,0.7562,0.0186,0.9302,34.6243,0.7561,0.0235,0.9168,32.5887,0.6741,0.0081,0.9880,41.7851,0.9154,0.0239,0.8751,32.4249,0.6059
130,68.11,0.0249,0.9224,32.0619,0.7344,0.0204,0.9258,33.8104,0.7331,0.0184,0.9335,34.6804,0.7562,0.0186,0.9302,34.6215,0.7560,0.0235,0.9167,32.5808,0.6739,0.0067,0.9898,43.5255,0.9272,0.0241,0.8751,32.3739,0.6090
131,68.63,0.0249,0.9226,32.0893,0.7350,0.0204,0.9258,33.8050,0.7331,0.0185,0.9335,34.6740,0.7562,0.0186,0.9301,34.6190,0.7558,0.0235,0.9166,32.5731,0.6736,0.0093,0.9851,40.5962,0.8901,0.0238,0.8755,32.4511,0.6040
132,69.15,0.0248,0.9227,32.1170,0.7355,0.0204,0.9258,33.8022,0.7331,0.0185,0.9334,34.6669,0.7562,0.0186,0.9301,34.6166,0.7556,0.0235,0.9165,32.5644,0.6734,0.0076,0.9888,42.4375,0.9253,0.0241,0.8736,32.3519,0.6033
133,69.68,0.0247,0.9228,32.1450,0.7360,0.0204,0.9258,33.8022,0.7331,0.0185,0.9334,34.6590,0.7562,0.0186,0.9300,34.6141,0.7555,0.0236,0.9164,32.5554,0.6731,0.0063,0.9915,43.9550,0.9269,0.0242,0.8734,32.3321,0.5986
134,70.20,0.0246,0.9230,32.1731,0.7365,0.0204,0.9259,33.8043,0.7330,0.0185,0.9333,34.6506,0.7561,0.0186,0.9300,34.6116,0.7554,0.0236,0.9163,32.5453,0.6729,0.0091,0.9845,40.8313,0.8925,0.0241,0.8738,32.3600,0.6014
135,70.72,0.0245,0.9231,32.2015,0.7370,0.0204,0.9259,33.8076,0.7330,0.0185,0.9333,34.6416,0.7560,0.0186,0.9300,34.6091,0.7552,0.0236,0.9161,32.5345,0.6727,0.0061,0.9912,44.3432,0.9391,0.0243,0.8739,32.2938,0.6107
136,71.24,0.0245,0.9232,32.2301,0.7375,0.0204,0.9259,33.8109,0.7329,0.0186,0.9332,34.6321,0.7559,0.0186,0.9299,34.6064,0.7550,0.0236,0.9160,32.5240,0.6725,0.0080,0.9894,41.9450,0.9081,0.0241,0.8744,32.3711,0.6071
137,71.76,0.0244,0.9233,32.2589,0.7380,0.0204,0.9259,33.8134,0.7328,0.0186,0.9331,34.6221,0.7557,0.0186,0.9299,34.6037,0.7549,0.0237,0.9159,32.5125,0.6722,0.0076,0.9870,42.3952,0.9108,0.0240,0.8761,32.3910,0.6075
138,72.29,0.0243,0.9235,32.2880,0.7384,0.0204,0.9259,33.8141,0.7326,0.0186,0.9330,34.6119,0.7555,0.0186,0.9298,34.6011,0.7547,0.0237,0.9157,32.5000,0.6720,0.0065,0.9913,43.7931,0.9313,0.0244,0.8732,32.2582,0.6045
139,72.81,0.0242,0.9236,32.3172,0.7389,0.0204,0.9258,33.8127,0.7325,0.0186,0.9330,34.6014,0.7554,0.0186,0.9298,34.5987,0.7546,0.0237,0.9155,32.4873,0.6717,0.0092,0.9863,40.7495,0.8951,0.0244,0.8692,32.2592,0.5929
140,73.33,0.0241,0.9237,32.3466,0.7393,0.0204,0.9258,33.8092,0.7323,0.0186,0.9329,34.5909,0.7552,0.0186,0.9298,34.5966,0.7545,0.0238,0.9154,32.4743,0.6715,0.0058,0.9903,44.6796,0.9339,0.0242,0.8739,32.3222,0.6051
141,73.85,0.0241,0.9238,32.3763,0.7397,0.0204,0.9257,33.8040,0.7321,0.0187,0.9328,34.5804,0.7551,0.0186,0.9297,34.5949,0.7545,0.0238,0.9152,32.4612,0.6713,0.0082,0.9888,41.6965,0.9093,0.0243,0.8715,32.2814,0.6030
142,74.37,0.0240,0.9240,32.4061,0.7401,0.0204,0.9256,33.7974,0.7319,0.0187,0.9328,34.5700,0.7549,0.0186,0.9297,34.5935,0.7545,0.0239,0.9150,32.4476,0.6711,0.0088,0.9861,41.1176,0.9018,0.0242,0.8716,32.3378,0.5955
143,74.90,0.0239,0.9241,32.4361,0.7405,0.0204,0.9255,33.7902,0.7317,0.0187,0.9327,34.5599,0.7548,0.0186,0.9297,34.5925,0.7545,0.0239,0.9149,32.4343,0.6709,0.0056,0.9918,45.1051,0.9397,0.0241,0.8745,32.3587,0.6082
144,75.42,0.0238,0.9242,32.4663,0.7408,0.0205,0.9255,33.7827,0.7315,0.0187,0.9326,34.5501,0.7547,0.0186,0.9296,34.5917,0.7546,0.0239,0.9147,32.4209,0.6706,0.0098,0.9849,40.2048,0.8905,0.0243,0.8728,32.2987,0.6061
145,75.94,0.0237,0.9243,32.4967,0.7412,0.0205,0.9254,33.7756,0.7314,0.0187,0.9326,34.5406,0.7547,0.0186,0.9296,34.5910,0.7546,0.0240,0.9145,32.4073,0.6704,0.0070,0.9894,43.0749,0.9236,0.0241,0.8730,32.3631,0.5961
146,76.46,0.0236,0.9244,32.5272,0.7415,0.0205,0.9253,33.7691,0.7312,0.0188,0.9325,34.5315,0.7546,0.0186,0.9296,34.5901,0.7547,0.0240,0.9144,32.3942,0.6701,0.0072,0.9903,42.8362,0.9200,0.0242,0.8734,32.3266,0.6016
147,76.98,0.0236,0.9246,32.5579,0.7419,0.0205,0.9253,33.7633,0.7311,0.0188,0.9324,34.5229,0.7545,0.0186,0.9295,34.5890,0.7547,0.0240,0.9142,32.3817,0.6699,0.0098,0.9838,40.1332,0.8868,0.0246,0.8674,32.1883,0.5943
148,77.51,0.0235,0.9247,32.5888,0.7423,0.0205,0.9252,33.7584,0.7310,0.0188,0.9324,34.5149,0.7545,0.0186,0.9295,34.5874,0.7547,0.0241,0.9141,32.3692,0.6697,0.0054,0.9925,45.3452,0.9465,0.0242,0.8712,32.3121,0.6043
149,78.03,0.0234,0.9248,32.6198,0.7427,0.0205,0.9252,33.7542,0.7309,0.0188,0.9323,34.5074,0.7544,0.0187,0.9295,34.5853,0.7547,0.0241,0.9139,32.3581,0.6695,0.0094,0.9857,40.5008,0.8860,0.0240,0.8746,32.4037,0.6135
150,78.55,0.0233,0.9249,32.6509,0.7431,0.0205,0.9251,33.7507,0.7307,0.0188,0.9323,34.5004,0.7544,0.0187,0.9294,34.5826,0.7547,0.0241,0.9138,32.3472,0.6693,0.0085,0.9864,41.3873,0.8978,0.0243,0.8713,32.2756,0.6000
151,79.07,0.0232,0.9250,32.6822,0.7435,0.0205,0.9251,33.7476,0.7306,0.0188,0.9322,34.4941,0.7544,0.0187,0.9294,34.5793,0.7546,0.0242,0.9137,32.3371,0.6691,0.0068,0.9920,43.3974,0.9397,0.0244,0.8697,32.2664,0.5993
152,79.59,0.0231,0.9251,32.7136,0.7439,0.0205,0.9250,33.7450,0.7305,0.0189,0.9322,34.4883,0.7543,0.0187,0.9294,34.5753,0.7545,0.0242,0.9135,32.3275,0.6689,0.0084,0.9872,41.4664,0.8936,0.0241,0.8714,32.3727,0.5979
153,80.11,0.0231,0.9252,32.7452,0.7443,0.0206,0.9250,33.7428,0.7303,0.0189,0.9322,34.4830,0.7543,0.0187,0.9293,34.5709,0.7544,0.0242,0.9134,32.3193,0.6687,0.0074,0.9895,42.6170,0.9126,0.0244,0.8691,32.2483,0.5910
154,80.64,0.0230,0.9253,32.7769,0.7447,0.0206,0.9249,33.7409,0.7302,0.0189,0.9321,34.4781,0.7543,0.0187,0.9293,34.5660,0.7542,0.0242,0.9134,32.3118,0.6686,0.0101,0.9869,39.8799,0.9047,0.0244,0.8701,32.2580,0.5920
155,81.16,0.0229,0.9254,32.8087,0.7450,0.0206,0.9249,33.7392,0.7301,0.0189,0.9321,34.4735,0.7543,0.0187,0.9292,34.5610,0.7541,0.0243,0.9133,32.3048,0.6684,0.0076,0.9890,42.3269,0.9053,0.0244,0.8713,32.2442,0.5968
156,81.68,0.0228,0.9256,32.8406,0.7454,0.0206,0.9248,33.7375,0.7299,0.0189,0.9320,34.4691,0.7543,0.0187,0.9292,34.5558,0.7539,0.0243,0.9132,32.2991,0.6683,0.0092,0.9885,40.6847,0.9088,0.0245,0.8697,32.2299,0.5972
157,82.20,0.0227,0.9257,32.8725,0.7458,0.0206,0.9247,33.7358,0.7298,0.0189,0.9320,34.4648,0.7544,0.0187,0.9291,34.5509,0.7538,0.0243,0.9132,32.2941,0.6682,0.0125,0.9808,38.0945,0.8706,0.0242,0.8727,32.3300,0.6041
158,82.72,0.0226,0.9258,32.9046,0.7462,0.0206,0.9247,33.7337,0.7297,0.0189,0.9320,34.4604,0.7544,0.0187,0.9291,34.5464,0.7537,0.0243,0.9131,32.2899,0.6681,0.0077,0.9887,42.2397,0.9070,0.0244,0.8726,32.2540,0.5967
159,83.25,0.0226,0.9259,32.9368,0.7467,0.0206,0.9246,33.7312,0.7296,0.0189,0.9319,34.4559,0.7545,0.0187,0.9290,34.5423,0.7536,0.0243,0.9131,32.2862,0.6680,0.0129,0.9844,37.7662,0.8944,0.0248,0.8668,32.1281,0.5858
160,83.77,0.0225,0.9260,32.9691,0.7470,0.0206,0.9245,33.7283,0.7295,0.0189,0.9319,34.4511,0.7545,0.0188,0.9290,34.5390,0.7535,0.0243,0.9130,32.2834,0.6679,0.0092,0.9867,40.7623,0.8935,0.0245,0.8698,32.2298,0.5982
161,84.29,0.0224,0.9261,33.0014,0.7474,0.0206,0.9245,33.7248,0.7294,0.0190,0.9319,34.4461,0.7546,0.0188,0.9290,34.5362,0.7535,0.0243,0.9130,32.2811,0.6679,0.0073,0.9887,42.6785,0.9131,0.0244,0.8712,32.2504,0.6032
162,84.81,0.0223,0.9262,33.0337,0.7477,0.0206,0.9245,33.7209,0.7294,0.0190,0.9318,34.4406,0.7546,0.0188,0.9289,34.5342,0.7535,0.0243,0.9130,32.2795,0.6678,0.0163,0.9785,35.7808,0.8715,0.0242,0.8728,32.3083,0.6032
163,85.33,0.0222,0.9263,33.0662,0.7481,0.0206,0.9244,33.7166,0.7293,0.0190,0.9318,34.4346,0.7546,0.0188,0.9289,34.5326,0.7535,0.0243,0.9130,32.2784,0.6678,0.0070,0.9904,43.0529,0.9116,0.0243,0.8736,32.2831,0.6028
164,85.86,0.0221,0.9264,33.0987,0.7484,0.0206,0.9244,33.7123,0.7293,0.0190,0.9317,34.4281,0.7547,0.0188,0.9289,34.5314,0.7536,0.0243,0.9130,32.2773,0.6678,0.0068,0.9889,43.3538,0.9222,0.0241,0.8746,32.3638,0.6080
165,86.38,0.0221,0.9265,33.1312,0.7488,0.0206,0.9244,33.7080,0.7292,0.0190,0.9317,34.4210,0.7547,0.0188,0.9289,34.5304,0.7536,0.0243,0.9130,32.2764,0.6677,0.0139,0.9809,37.1142,0.8812,0.0241,0.8736,32.3629,0.6032
166,86.90,0.0220,0.9265,33.1637,0.7491,0.0206,0.9244,33.7038,0.7291,0.0190,0.9316,34.4134,0.7547,0.0188,0.9288,34.5294,0.7537,0.0243,0.9130,32.2761,0.6677,0.0064,0.9912,43.9100,0.9213,0.0242,0.8741,32.3082,0.6002
167,87.42,0.0219,0.9266,33.1963,0.7494,0.0207,0.9244,33.7000,0.7291,0.0190,0.9316,34.4053,0.7547,0.0188,0.9288,34.5282,0.7537,0.0243,0.9130,32.2753,0.6677,0.0080,0.9867,41.9214,0.9179,0.0243,0.8727,32.2952,0.5962
168,87.94,0.0218,0.9267,33.2289,0.7497,0.0207,0.9244,33.6964,0.7290,0.0191,0.9315,34.3968,0.7546,0.0188,0.9288,34.5266,0.7538,0.0243,0.9130,32.2750,0.6677,0.0080,0.9888,41.8849,0.9211,0.0243,0.8738,32.2976,0.6046
169,88.47,0.0217,0.9268,33.2614,0.7500,0.0207,0.9244,33.6932,0.7289,0.0191,0.9315,34.3879,0.7546,0.0188,0.9288,34.5245,0.7538,0.0243,0.9130,32.2741,0.6677,0.0060,0.9914,44.4896,0.9289,0.0242,0.8745,32.3376,0.6047
170,88.99,0.0216,0.9269,33.2940,0.7503,0.0207,0.9243,33.6901,0.7288,0.0191,0.9314,34.3788,0.7545,0.0188,0.9287,34.5218,0.7539,0.0243,0.9130,32.2736,0.6677,0.0114,0.9814,38.8493,0.8917,0.0241,0.8744,32.3662,0.5979
171,89.51,0.0216,0.9270,33.3266,0.7506,0.0207,0.9243,33.6871,0.7287,0.0191,0.9313,34.3697,0.7543,0.0188,0.9287,34.5186,0.7539,0.0243,0.9130,32.2726,0.6677,0.0052,0.9920,45.6247,0.9377,0.0242,0.8757,32.3308,0.6036
172,90.03,0.0215,0.9271,33.3591,0.7508,0.0207,0.9242,33.6843,0.7285,0.0191,0.9313,34.3606,0.7542,0.0188,0.9287,34.5149,0.7539,0.0243,0.9130,32.2715,0.6677,0.0058,0.9911,44.6758,0.9333,0.0243,0.8719,32.3036,0.5941
173,90.55,0.0214,0.9272,33.3916,0.7511,0.0207,0.9242,33.6817,0.7284,0.0192,0.9312,34.3517,0.7541,0.0188,0.9286,34.5107,0.7539,0.0244,0.9130,32.2698,0.6677,0.0093,0.9851,40.6704,0.9101,0.0241,0.8733,32.3564,0.5929
174,91.08,0.0213,0.9273,33.4240,0.7513,0.0207,0.9241,33.6792,0.7283,0.0192,0.9311,34.3431,0.7539,0.0188,0.9286,34.5063,0.7539,0.0244,0.9129,32.2675,0.6676,0.0065,0.9902,43.7298,0.9195,0.0241,0.8736,32.3625,0.5992
175,91.60,0.0212,0.9273,33.4564,0.7516,0.0207,0.9241,33.6772,0.7282,0.0192,0.9311,34.3349,0.7537,0.0188,0.9286,34.5018,0.7539,0.0244,0.9129,32.2650,0.6676,0.0074,0.9889,42.6145,0.9249,0.0241,0.8741,32.3719,0.6004
176,92.12,0.0212,0.9274,33.4887,0.7518,0.0207,0.9240,33.6756,0.7280,0.0192,0.9310,34.3270,0.7536,0.0188,0.9285,34.4974,0.7539,0.0244,0.9129,32.2617,0.6676,0.0068,0.9891,43.3042,0.9310,0.0242,0.8742,32.3201,0.6047
177,92.64,0.0211,0.9275,33.5209,0.7520,0.0207,0.9240,33.6746,0.7279,0.0192,0.9309,34.3196,0.7534,0.0189,0.9285,34.4932,0.7539,0.0244,0.9128,32.2575,0.6675,0.0081,0.9868,41.7985,0.9030,0.0240,0.8761,32.4113,0.6049
178,93.16,0.0210,0.9276,33.5531,0.7522,0.0207,0.9239,33.6743,0.7278,0.0192,0.9309,34.3125,0.7533,0.0189,0.9285,34.4893,0.7539,0.0244,0.9127,32.2535,0.6675,0.0084,0.9873,41.5338,0.9211,0.0242,0.8736,32.3159,0.5992
179,93.68,0.0209,0.9276,33.5851,0.7524,0.0207,0.9239,33.6746,0.7277,0.0193,0.9308,34.3056,0.7532,0.0189,0.9284,34.4857,0.7539,0.0244,0.9127,32.2485,0.6674,0.0054,0.9918,45.3616,0.9371,0.0245,0.8711,32.2206,0.5929
180,94.21,0.0209,0.9277,33.6171,0.7526,0.0207,0.9239,33.6755,0.7276,0.0193,0.9308,34.2991,0.7531,0.0189,0.9284,34.4825,0.7540,0.0244,0.9126,32.2425,0.6672,0.0084,0.9851,41.4734,0.9005,0.0244,0.8706,32.2664,0.5933
181,94.73,0.0208,0.9278,33.6489,0.7528,0.0207,0.9239,33.6770,0.7275,0.0193,0.9307,34.2929,0.7530,0.0189,0.9284,34.4795,0.7541,0.0244,0.9125,32.2357,0.6671,0.0062,0.9903,44.1121,0.9418,0.0244,0.8729,32.2669,0.6059
182,95.25,0.0207,0.9279,33.6805,0.7531,0.0207,0.9239,33.6790,0.7274,0.0193,0.9307,34.2870,0.7530,0.0189,0.9284,34.4766,0.7542,0.0245,0.9124,32.2288,0.6670,0.0064,0.9910,43.8214,0.9254,0.0241,0.8735,32.3535,0.6070
183,95.77,0.0206,0.9279,33.7121,0.7533,0.0207,0.9239,33.6814,0.7274,0.0193,0.9307,34.2816,0.7529,0.0189,0.9283,34.4739,0.7543,0.0245,0.9123,32.2210,0.6669,0.0074,0.9865,42.6019,0.9128,0.0241,0.8735,32.3690,0.6041
184,96.29,0.0206,0.9280,33.7434,0.7535,0.0207,0.9239,33.6841,0.7273,0.0193,0.9306,34.2767,0.7529,0.0189,0.9283,34.4713,0.7544,0.0245,0.9122,32.2128,0.6667,0.0059,0.9913,44.5908,0.9409,0.0243,0.8724,32.2794,0.6057
185,96.82,0.0205,0.9281,33.7746,0.7537,0.0207,0.9239,33.6870,0.7273,0.0193,0.9306,34.2723,0.7528,0.0189,0.9283,34.4687,0.7544,0.0245,0.9121,32.2045,0.6666,0.0080,0.9878,41.9325,0.9101,0.0242,0.8710,32.3330,0.5943
186,97.34,0.0204,0.9281,33.8056,0.7539,0.0207,0.9239,33.6900,0.7273,0.0193,0.9305,34.2684,0.7527,0.0189,0.9283,34.4662,0.7545,0.0246,0.9120,32.1955,0.6664,0.0058,0.9898,44.7196,0.9350,0.0241,0.8733,32.3522,0.5981
187,97.86,0.0203,0.9282,33.8364,0.7541,0.0207,0.9239,33.6928,0.7273,0.0194,0.9305,34.2648,0.7527,0.0189,0.9283,34.4639,0.7545,0.0246,0.9119,32.1867,0.6663,0.0072,0.9897,42.8138,0.9248,0.0244,0.8711,32.2617,0.5929
188,98.38,0.0203,0.9283,33.8670,0.7543,0.0207,0.9239,33.6950,0.7273,0.0194,0.9305,34.2613,0.7526,0.0189,0.9282,34.4619,0.7545,0.0246,0.9117,32.1776,0.6661,0.0082,0.9865,41.6888,0.9108,0.0243,0.8696,32.2924,0.5918
189,98.90,0.0202,0.9283,33.8974,0.7545,0.0207,0.9239,33.6965,0.7272,0.0194,0.9304,34.2576,0.7525,0.0189,0.9282,34.4604,0.7544,0.0246,0.9116,32.1694,0.6660,0.0053,0.9917,45.4404,0.9447,0.0242,0.8733,32.3310,0.6048
190,99.43,0.0201,0.9284,33.9275,0.7547,0.0207,0.9239,33.6971,0.7272,0.0194,0.9304,34.2535,0.7524,0.0189,0.9282,34.4595,0.7544,0.0247,0.9115,32.1610,0.6658,0.0089,0.9860,41.0045,0.9053,0.0243,0.8735,32.3051,0.5995
191,99.95,0.0201,0.9284,33.9574,0.7549,0.0207,0.9239,33.6965,0.7271,0.0194,0.9303,34.2490,0.7524,0.0189,0.9282,34.4593,0.7544,0.0247,0.9114,32.1535,0.6656,0.0070,0.9888,43.1196,0.9247,0.0241,0.8743,32.3728,0.5978
192,100.47,0.0200,0.9285,33.9870,0.7551,0.0207,0.9239,33.6949,0.7271,0.0194,0.9303,34.2439,0.7523,0.0189,0.9282,34.4596,0.7544,0.0247,0.9113,32.1464,0.6655,0.0069,0.9908,43.2027,0.9272,0.0243,0.8729,32.2864,0.5943
193,100.99,0.0199,0.9285,34.0163,0.7553,0.0207,0.9239,33.6925,0.7270,0.0194,0.9302,34.2384,0.7522,0.0189,0.9282,34.4605,0.7544,0.0247,0.9112,32.1402,0.6653,0.0095,0.9841,40.4841,0.8981,0.0244,0.8687,32.2470,0.5886
194,101.51,0.0198,0.9286,34.0454,0.7555,0.0207,0.9239,33.6897,0.7270,0.0194,0.9302,34.2324,0.7522,0.0189,0.9282,34.4617,0.7545,0.0247,0.9111,32.1348,0.6652,0.0056,0.9921,45.1141,0.9462,0.0242,0.8711,32.3216,0.5966
195,102.04,0.0198,0.9287,34.0741,0.7557,0.0207,0.9239,33.6870,0.7269,0.0194,0.9301,34.2260,0.7521,0.0189,0.9282,34.4630,0.7545,0.0247,0.9111,32.1306,0.6650,0.0093,0.9867,40.6713,0.8959,0.0239,0.8748,32.4185,0.6051
196,102.56,0.0197,0.9287,34.1025,0.7560,0.0207,0.9238,33.6847,0.7269,0.0195,0.9301,34.2193,0.7521,0.0189,0.9282,34.4641,0.7545,0.0248,0.9110,32.1272,0.6649,0.0086,0.9859,41.3425,0.9028,0.0242,0.8716,32.3330,0.5981
197,103.08,0.0197,0.9287,34.1306,0.7561,0.0207,0.9238,33.6832,0.7268,0.0195,0.9300,34.2123,0.7520,0.0189,0.9282,34.4646,0.7546,0.0248,0.9110,32.1255,0.6649,0.0066,0.9923,43.6005,0.9449,0.0241,0.8724,32.3562,0.6027
198,103.60,0.0196,0.9288,34.1583,0.7563,0.0207,0.9238,33.6829,0.7268,0.0195,0.9300,34.2047,0.7520,0.0189,0.9282,34.4643,0.7547,0.0248,0.9109,32.1247,0.6648,0.0092,0.9858,40.6893,0.8876,0.0238,0.8752,32.4724,0.6032
199,104.12,0.0195,0.9288,34.1857,0.7565,0.0207,0.9238,33.6835,0.7267,0.0195,0.9299,34.1965,0.7520,0.0189,0.9282,34.4632,0.7547,0.0248,0.9109,32.1243,0.6647,0.0072,0.9897,42.8025,0.9173,0.0244,0.8698,32.2688,0.5895
200,104.64,0.0195,0.9289,34.2127,0.7567,0.0207,0.9238,33.6851,0.7267,0.0195,0.9299,34.1871,0.7521,0.0189,0.9282,34.4610,0.7548,0.0248,0.9109,32.1258,0.6646,0.0099,0.9879,40.0604,0.9140,0.0245,0.8680,32.2143,0.5850
201,105.17,0.0194,0.9289,34.2393,0.7569,0.0207,0.9238,33.6872,0.7266,0.0196,0.9298,34.1765,0.7521,0.0189,0.9281,34.4578,0.7548,0.0248,0.9109,32.1281,0.6646,0.0077,0.9891,42.2655,0.9082,0.0244,0.8690,32.2686,0.5903
202,105.69,0.0194,0.9290,34.2654,0.7571,0.0207,0.9237,33.6894,0.7266,0.0196,0.9297,34.1641,0.7522,0.0189,0.9281,34.4537,0.7548,0.0247,0.9110,32.1312,0.6646,0.0085,0.9898,41.3725,0.9188,0.0244,0.8685,32.2541,0.5959
203,106.21,0.0193,0.9290,34.2912,0.7572,0.0207,0.9237,33.6915,0.7266,0.0196,0.9297,34.1500,0.7523,0.0189,0.9281,34.4491,0.7548,0.0247,0.9110,32.1350,0.6645,0.0133,0.9801,37.5018,0.8689,0.0242,0.8710,32.3144,0.5993
204,106.73,0.0192,0.9290,34.3165,0.7574,0.0207,0.9237,33.6931,0.7266,0.0196,0.9296,34.1344,0.7524,0.0190,0.9280,34.4440,0.7548,0.0247,0.9110,32.1400,0.6645,0.0075,0.9896,42.5365,0.9172,0.0242,0.8729,32.3078,0.5953
205,107.25,0.0192,0.9291,34.3413,0.7576,0.0207,0.9237,33.6942,0.7266,0.0197,0.9295,34.1177,0.7526,0.0190,0.9280,34.4388,0.7547,0.0247,0.9111,32.1453,0.6645,0.0124,0.9856,38.1457,0.9020,0.0244,0.8697,32.2606,0.5905
206,107.78,0.0191,0.9291,34.3657,0.7577,0.0207,0.9237,33.6949,0.7266,0.0197,0.9294,34.1007,0.7527,0.0190,0.9280,34.4337,0.7547,0.0247,0.9111,32.1511,0.6645,0.0108,0.9848,39.3614,0.8896,0.0242,0.8710,32.3212,0.5978
207,108.30,0.0191,0.9291,34.3896,0.7578,0.0207,0.9237,33.6952,0.7266,0.0198,0.9294,34.0842,0.7528,0.0190,0.9279,34.4289,0.7547,0.0247,0.9112,32.1577,0.6645,0.0073,0.9893,42.7142,0.9198,0.0241,0.8742,32.3695,0.6031
208,108.82,0.0190,0.9292,34.4130,0.7580,0.0207,0.9237,33.6956,0.7266,0.0198,0.9293,34.0690,0.7530,0.0190,0.9279,34.4246,0.7546,0.0246,0.9113,32.1638,0.6646,0.0161,0.9795,35.8898,0.8768,0.0242,0.8728,32.3260,0.5968
209,109.34,0.0190,0.9292,34.4359,0.7581,0.0207,0.9236,33.6962,0.7266,0.0198,0.9293,34.0556,0.7531,0.0190,0.9279,34.4208,0.7546,0.0246,0.9113,32.1708,0.6646,0.0077,0.9901,42.2594,0.9165,0.0243,0.8720,32.2784,0.6025
210,109.86,0.0189,0.9292,34.4582,0.7582,0.0207,0.9236,33.6974,0.7266,0.0199,0.9292,34.0441,0.7531,0.0190,0.9278,34.4175,0.7546,0.0246,0.9114,32.1781,0.6647,0.0069,0.9895,43.2439,0.9283,0.0240,0.8758,32.3898,0.6102
211,110.39,0.0189,0.9292,34.4800,0.7583,0.0207,0.9236,33.6993,0.7267,0.0199,0.9292,34.0340,0.7532,0.0190,0.9278,34.4148,0.7547,0.0246,0.9115,32.1857,0.6648,0.0166,0.9768,35.6146,0.8647,0.0240,0.8748,32.3941,0.6002
212,110.91,0.0188,0.9293,34.5012,0.7584,0.0206,0.9236,33.7017,0.7267,0.0199,0.9292,34.0249,0.7532,0.0190,0.9278,34.4127,0.7547,0.0246,0.9116,32.1936,0.6649,0.0063,0.9920,44.0458,0.9303,0.0242,0.8744,32.3106,0.6005
213,111.43,0.0188,0.9293,34.5219,0.7586,0.0206,0.9236,33.7047,0.7267,0.0199,0.9291,34.0161,0.7533,0.0190,0.9278,34.4111,0.7547,0.0245,0.9117,32.2020,0.6650,0.0078,0.9877,42.1723,0.9247,0.0242,0.8721,32.3409,0.5940
214,111.95,0.0187,0.9293,34.5419,0.7587,0.0206,0.9236,33.7080,0.7268,0.0199,0.9291,34.0073,0.7533,0.0190,0.9277,34.4102,0.7548,0.0245,0.9117,32.2101,0.6651,0.0104,0.9862,39.6987,0.9069,0.0241,0.8740,32.3672,0.6038
215,112.47,0.0187,0.9293,34.5614,0.7588,0.0206,0.9236,33.7113,0.7268,0.0200,0.9291,33.9981,0.7533,0.0190,0.9277,34.4098,0.7549,0.0245,0.9118,32.2185,0.6652,0.0057,0.9921,44.8234,0.9378,0.0240,0.8748,32.4126,0.6065
216,113.00,0.0187,0.9293,34.5802,0.7589,0.0206,0.9236,33.7146,0.7268,0.0200,0.9290,33.9886,0.7533,0.0190,0.9277,34.4098,0.7550,0.0245,0.9119,32.2274,0.6653,0.0111,0.9822,39.0854,0.8963,0.0237,0.8762,32.4877,0.6021
217,113.52,0.0186,0.9294,34.5984,0.7590,0.0206,0.9236,33.7176,0.7268,0.0200,0.9289,33.9791,0.7533,0.0190,0.9277,34.4102,0.7550,0.0244,0.9120,32.2368,0.6655,0.0059,0.9915,44.6184,0.9382,0.0239,0.8766,32.4413,0.6065
218,114.04,0.0186,0.9294,34.6159,0.7591,0.0206,0.9236,33.7203,0.7268,0.0200,0.9289,33.9698,0.7532,0.0190,0.9277,34.4107,0.7551,0.0244,0.9121,32.2463,0.6657,0.0056,0.9917,44.9875,0.9408,0.0238,0.8748,32.4744,0.6004
219,114.56,0.0186,0.9294,34.6328,0.7592,0.0206,0.9236,33.7226,0.7268,0.0200,0.9287,33.9607,0.7532,0.0190,0.9277,34.4112,0.7552,0.0244,0.9122,32.2554,0.6658,0.0107,0.9829,39.4515,0.8994,0.0236,0.8762,32.5237,0.5948
220,115.08,0.0185,0.9294,34.6490,0.7593,0.0206,0.9237,33.7248,0.7269,0.0201,0.9286,33.9519,0.7531,0.0190,0.9277,34.4113,0.7553,0.0244,0.9123,32.2650,0.6660,0.0056,0.9915,45.1066,0.9360,0.0238,0.8764,32.4772,0.5961
221,115.61,0.0185,0.9294,34.6645,0.7594,0.0206,0.9237,33.7267,0.7269,0.0201,0.9285,33.9432,0.7531,0.0190,0.9277,34.4110,0.7554,0.0243,0.9124,32.2747,0.6662,0.0070,0.9896,43.0996,0.9335,0.0239,0.8739,32.4181,0.5922
222,116.13,0.0185,0.9294,34.6793,0.7594,0.0206,0.9237,33.7284,0.7269,0.0201,0.9284,33.9346,0.7530,0.0190,0.9277,34.4100,0.7554,0.0243,0.9125,32.2843,0.6663,0.0079,0.9875,42.0858,0.9252,0.0239,0.8755,32.4244,0.6034
223,116.65,0.0184,0.9294,34.6933,0.7595,0.0206,0.9237,33.7301,0.7269,0.0201,0.9282,33.9262,0.7530,0.0190,0.9277,34.4086,0.7554,0.0243,0.9126,32.2934,0.6665,0.0072,0.9882,42.8709,0.9184,0.0237,0.8771,32.5027,0.6030
224,117.17,0.0184,0.9294,34.7067,0.7595,0.0206,0.9237,33.7318,0.7269,0.0201,0.9281,33.9182,0.7529,0.0190,0.9276,34.4067,0.7554,0.0243,0.9127,32.3017,0.6666,0.0095,0.9856,40.4818,0.9128,0.0238,0.8764,32.4510,0.6011
225,117.69,0.0184,0.9294,34.7193,0.7595,0.0206,0.9237,33.7336,0.7269,0.0202,0.9280,33.9108,0.7528,0.0190,0.9276,34.4047,0.7554,0.0242,0.9128,32.3103,0.6668,0.0056,0.9911,44.9797,0.9433,0.0241,0.8744,32.3712,0.5953
226,118.21,0.0183,0.9294,34.7311,0.7595,0.0206,0.9237,33.7354,0.7270,0.0202,0.9279,33.9043,0.7527,0.0190,0.9276,34.4027,0.7554,0.0242,0.9128,32.3172,0.6669,0.0080,0.9857,41.9845,0.9120,0.0240,0.8731,32.4045,0.5962
227,118.74,0.0183,0.9294,34.7422,0.7595,0.0206,0.9237,33.7372,0.7270,0.0202,0.9278,33.8991,0.7526,0.0191,0.9276,34.4010,0.7554,0.0242,0.9129,32.3241,0.6670,0.0072,0.9887,42.8737,0.9347,0.0240,0.8748,32.3979,0.6006
228,119.26,0.0183,0.9294,34.7525,0.7596,0.0206,0.9237,33.7389,0.7270,0.0202,0.9277,33.8953,0.7524,0.0191,0.9275,34.3998,0.7553,0.0242,0.9129,32.3294,0.6671,0.0055,0.9917,45.1407,0.9408,0.0239,0.8741,32.4394,0.5977
229,119.78,0.0183,0.9294,34.7620,0.7596,0.0206,0.9237,33.7405,0.7271,0.0202,0.9277,33.8927,0.7523,0.0191,0.9275,34.3991,0.7553,0.0242,0.9130,32.3340,0.6672,0.0075,0.9860,42.5416,0.9178,0.0237,0.8759,32.4904,0.6037
230,120.30,0.0183,0.9294,34.7707,0.7596,0.0206,0.9236,33.7419,0.7271,0.0202,0.9276,33.8911,0.7522,0.0191,0.9275,34.3991,0.7553,0.0242,0.9130,32.3370,0.6673,0.0062,0.9904,44.2157,0.9432,0.0239,0.8752,32.4203,0.6098
231,120.82,0.0182,0.9294,34.7786,0.7595,0.0206,0.9236,33.7430,0.7271,0.0202,0.9275,33.8902,0.7522,0.0191,0.9275,34.3998,0.7552,0.0242,0.9130,32.3390,0.6674,0.0072,0.9890,42.9123,0.9238,0.0238,0.8749,32.4802,0.6015
232,121.35,0.0182,0.9294,34.7856,0.7595,0.0205,0.9236,33.7439,0.7272,0.0202,0.9275,33.8893,0.7521,0.0191,0.9275,34.4011,0.7553,0.0242,0.9130,32.3399,0.6674,0.0062,0.9888,44.1563,0.9313,0.0237,0.8772,32.5130,0.6052
233,121.87,0.0182,0.9294,34.7919,0.7595,0.0205,0.9235,33.7444,0.7272,0.0202,0.9274,33.8882,0.7521,0.0190,0.9275,34.4029,0.7553,0.0242,0.9130,32.3397,0.6675,0.0068,0.9899,43.3553,0.9345,0.0240,0.8736,32.3885,0.5954
234,122.39,0.0182,0.9293,34.7973,0.7594,0.0205,0.9235,33.7446,0.7272,0.0202,0.9274,33.8868,0.7522,0.0190,0.9275,34.4049,0.7554,0.0242,0.9130,32.3377,0.6675,0.0079,0.9867,42.0233,0.9175,0.0240,0.8704,32.3777,0.5913
235,122.91,0.0182,0.9293,34.8018,0.7594,0.0205,0.9235,33.7445,0.7273,0.0202,0.9274,33.8849,0.7523,0.0190,0.9275,34.4070,0.7554,0.0242,0.9129,32.3354,0.6675,0.0057,0.9911,44.9214,0.9420,0.0239,0.8743,32.4334,0.6035
236,123.43,0.0182,0.9293,34.8055,0.7594,0.0205,0.9235,33.7443,0.7273,0.0202,0.9273,33.8828,0.7523,0.0190,0.9275,34.4089,0.7555,0.0242,0.9129,32.3311,0.6675,0.0083,0.9868,41.5740,0.9145,0.0239,0.8735,32.4303,0.6016
237,123.96,0.0182,0.9293,34.8083,0.7594,0.0205,0.9235,33.7440,0.7274,0.0202,0.9273,33.8808,0.7524,0.0190,0.9275,34.4104,0.7556,0.0242,0.9128,32.3271,0.6675,0.0073,0.9878,42.7600,0.9247,0.0237,0.8744,32.4995,0.5990
238,124.48,0.0182,0.9293,34.8103,0.7594,0.0206,0.9235,33.7437,0.7274,0.0202,0.9273,33.8789,0.7525,0.0190,0.9275,34.4114,0.7556,0.0242,0.9127,32.3223,0.6675,0.0070,0.9907,43.1386,0.9313,0.0238,0.8741,32.4721,0.6009
239,125.00,0.0182,0.9292,34.8114,0.7593,0.0206,0.9235,33.7437,0.7275,0.0202,0.9273,33.8772,0.7525,0.0190,0.9275,34.4117,0.7556,0.0242,0.9127,32.3171,0.6675,0.0093,0.9840,40.6372,0.9023,0.0239,0.8716,32.4164,0.5921
240,125.52,0.0182,0.9292,34.8116,0.7593,0.0205,0.9235,33.7441,0.7275,0.0202,0.9273,33.8756,0.7526,0.0190,0.9275,34.4115,0.7557,0.0242,0.9126,32.3122,0.6675,0.0061,0.9910,44.2295,0.9405,0.0238,0.8730,32.4691,0.5938
241,126.04,0.0182,0.9292,34.8110,0.7592,0.0205,0.9236,33.7450,0.7276,0.0202,0.9273,33.8738,0.7527,0.0190,0.9274,34.4106,0.7557,0.0242,0.9125,32.3069,0.6675,0.0092,0.9873,40.7635,0.9023,0.0237,0.8755,32.5057,0.5999
242,126.57,0.0182,0.9291,34.8094,0.7591,0.0205,0.9236,33.7465,0.7277,0.0203,0.9273,33.8712,0.7528,0.0190,0.9274,34.4093,0.7556,0.0243,0.9125,32.3019,0.6675,0.0088,0.9851,41.1266,0.9032,0.0239,0.8722,32.4291,0.5970
243,127.09,0.0182,0.9291,34.8070,0.7590,0.0205,0.9236,33.7485,0.7277,0.0203,0.9272,33.8676,0.7528,0.0190,0.9274,34.4074,0.7556,0.0243,0.9124,32.2978,0.6675,0.0067,0.9921,43.4709,0.9455,0.0237,0.8746,32.4925,0.6065
244,127.61,0.0182,0.9291,34.8036,0.7589,0.0205,0.9236,33.7509,0.7278,0.0203,0.9272,33.8624,0.7529,0.0190,0.9274,34.4053,0.7556,0.0243,0.9124,32.2944,0.6675,0.0104,0.9836,39.6780,0.8762,0.0234,0.8777,32.6109,0.6087
245,128.13,0.0182,0.9290,34.7994,0.7588,0.0205,0.9236,33.7534,0.7278,0.0203,0.9271,33.8555,0.7530,0.0190,0.9273,34.4030,0.7556,0.0243,0.9123,32.2915,0.6675,0.0077,0.9889,42.3155,0.9145,0.0240,0.8738,32.4104,0.5938
246,128.65,0.0182,0.9290,34.7943,0.7587,0.0205,0.9236,33.7559,0.7278,0.0203,0.9271,33.8466,0.7531,0.0191,0.9273,34.4006,0.7556,0.0243,0.9123,32.2901,0.6676,0.0097,0.9888,40.2862,0.9221,0.0241,0.8708,32.3741,0.5878
247,129.18,0.0182,0.9290,34.7882,0.7586,0.0205,0.9236,33.7581,0.7278,0.0203,0.9270,33.8358,0.7532,0.0191,0.9273,34.3984,0.7556,0.0243,0.9123,32.2898,0.6676,0.0084,0.9879,41.4857,0.9017,0.0239,0.8716,32.4266,0.5916
248,129.70,0.0182,0.9289,34.7813,0.7584,0.0205,0.9236,33.7600,0.7278,0.0204,0.9269,33.8235,0.7532,0.0191,0.9273,34.3965,0.7556,0.0243,0.9123,32.2900,0.6676,0.0083,0.9905,41.6596,0.9218,0.0240,0.8700,32.4006,0.5931
249,130.22,0.0183,0.9289,34.7735,0.7583,0.0205,0.9236,33.7615,0.7278,0.0204,0.9268,33.8103,0.7533,0.0191,0.9273,34.3950,0.7557,0.0243,0.9123,32.2918,0.6677,0.0133,0.9814,37.5535,0.8773,0.0237,0.8735,32.4949,0.6026
250,130.74,0.0183,0.9288,34.7648,0.7581,0.0205,0.9236,33.7629,0.7279,0.0204,0.9267,33.7967,0.7533,0.0191,0.9273,34.3941,0.7558,0.0243,0.9123,32.2947,0.6677,0.0077,0.9897,42.2518,0.9179,0.0238,0.8747,32.4761,0.5965
251,131.26,0.0183,0.9288,34.7552,0.7580,0.0205,0.9236,33.7642,0.7279,0.0205,0.9267,33.7837,0.7533,0.0191,0.9272,34.3940,0.7559,0.0243,0.9124,32.2978,0.6678,0.0117,0.9868,38.6014,0.9084,0.0238,0.8728,32.4711,0.5977
252,131.78,0.0183,0.9287,34.7447,0.7578,0.0205,0.9236,33.7655,0.7280,0.0205,0.9266,33.7718,0.7534,0.0191,0.9273,34.3946,0.7560,0.0243,0.9124,32.3020,0.6679,0.0126,0.9818,38.0232,0.8769,0.0234,0.8763,32.6032,0.6072
253,132.31,0.0183,0.9287,34.7333,0.7576,0.0205,0.9236,33.7670,0.7280,0.0205,0.9266,33.7616,0.7534,0.0191,0.9273,34.3961,0.7561,0.0242,0.9124,32.3073,0.6679,0.0075,0.9896,42.4440,0.9227,0.0236,0.8757,32.5326,0.5996
254,132.83,0.0184,0.9286,34.7210,0.7574,0.0205,0.9236,33.7684,0.7281,0.0205,0.9265,33.7532,0.7534,0.0191,0.9273,34.3981,0.7563,0.0242,0.9125,32.3129,0.6680,0.0156,0.9807,36.1227,0.8811,0.0239,0.8719,32.4178,0.5921
255,133.35,0.0184,0.9286,34.7078,0.7571,0.0205,0.9236,33.7698,0.7282,0.0205,0.9265,33.7463,0.7534,0.0191,0.9273,34.4007,0.7564,0.0242,0.9126,32.3190,0.6681,0.0091,0.9886,40.8478,0.9110,0.0239,0.8732,32.4408,0.6039
256,133.87,0.0184,0.9285,34.6938,0.7569,0.0205,0.9236,33.7708,0.7283,0.0206,0.9264,33.7402,0.7534,0.0190,0.9273,34.4035,0.7565,0.0242,0.9126,32.3252,0.6681,0.0073,0.9897,42.7465,0.9289,0.0237,0.8755,32.5137,0.6086
257,134.39,0.0185,0.9285,34.6789,0.7567,0.0205,0.9236,33.7713,0.7284,0.0206,0.9264,33.7344,0.7535,0.0190,0.9274,34.4063,0.7565,0.0242,0.9127,32.3318,0.6682,0.0184,0.9738,34.6965,0.8506,0.0236,0.8763,32.5365,0.6035
258,134.92,0.0185,0.9284,34.6631,0.7564,0.0205,0.9235,33.7712,0.7285,0.0206,0.9264,33.7280,0.7535,0.0190,0.9274,34.4087,0.7565,0.0242,0.9128,32.3381,0.6682,0.0069,0.9921,43.2260,0.9328,0.0237,0.8768,32.4888,0.6011
259,135.44,0.0185,0.9284,34.6465,0.7561,0.0205,0.9235,33.7706,0.7286,0.0206,0.9263,33.7207,0.7536,0.0190,0.9274,34.4105,0.7565,0.0241,0.9128,32.3447,0.6683,0.0079,0.9885,42.0789,0.9288,0.0236,0.8759,32.5293,0.6023
260,135.96,0.0186,0.9283,34.6290,0.7558,0.0205,0.9235,33.7694,0.7286,0.0206,0.9263,33.7126,0.7536,0.0190,0.9274,34.4114,0.7565,0.0241,0.9129,32.3512,0.6683,0.0130,0.9826,37.7519,0.8892,0.0234,0.8776,32.6161,0.6073
261,136.48,0.0186,0.9282,34.6107,0.7555,0.0205,0.9234,33.7680,0.7287,0.0206,0.9262,33.7040,0.7537,0.0190,0.9274,34.4113,0.7564,0.0241,0.9130,32.3582,0.6684,0.0061,0.9925,44.3492,0.9397,0.0234,0.8779,32.6134,0.6083
262,137.00,0.0186,0.9282,34.5915,0.7552,0.0205,0.9234,33.7664,0.7288,0.0207,0.9261,33.6959,0.7537,0.0190,0.9274,34.4101,0.7564,0.0241,0.9130,32.3651,0.6684,0.0106,0.9835,39.4722,0.9047,0.0233,0.8786,32.6475,0.6039
263,137.53,0.0187,0.9281,34.5715,0.7549,0.0205,0.9234,33.7650,0.7288,0.0207,0.9260,33.6890,0.7538,0.0190,0.9274,34.4081,0.7564,0.0241,0.9131,32.3721,0.6685,0.0076,0.9899,42.3758,0.9289,0.0233,0.8795,32.6380,0.6115
264,138.05,0.0187,0.9280,34.5507,0.7545,0.0205,0.9234,33.7639,0.7289,0.0207,0.9260,33.6838,0.7538,0.0190,0.9274,34.4052,0.7564,0.0240,0.9132,32.3793,0.6686,0.0058,0.9921,44.7461,0.9435,0.0233,0.8789,32.6442,0.6100
265,138.57,0.0188,0.9280,34.5291,0.7541,0.0205,0.9233,33.7633,0.7289,0.0207,0.9259,33.6805,0.7539,0.0191,0.9273,34.4017,0.7564,0.0240,0.9133,32.3867,0.6686,0.0122,0.9803,38.2442,0.8892,0.0232,0.8786,32.6828,0.6017
266,139.09,0.0188,0.9279,34.5067,0.7538,0.0205,0.9233,33.7634,0.7290,0.0207,0.9259,33.6786,0.7539,0.0191,0.9273,34.3979,0.7564,0.0240,0.9133,32.3949,0.6688,0.0055,0.9919,45.2260,0.9410,0.0235,0.8777,32.5746,0.6013
267,139.61,0.0189,0.9278,34.4834,0.7535,0.0205,0.9233,33.7641,0.7290,0.0207,0.9259,33.6776,0.7540,0.0191,0.9273,34.3940,0.7565,0.0240,0.9134,32.4032,0.6689,0.0068,0.9902,43.2942,0.9373,0.0236,0.8745,32.5517,0.5951
268,140.14,0.0189,0.9277,34.4595,0.7531,0.0205,0.9233,33.7654,0.7290,0.0207,0.9259,33.6767,0.7540,0.0191,0.9273,34.3902,0.7565,0.0240,0.9135,32.4119,0.6690,0.0093,0.9853,40.6284,0.9138,0.0235,0.8766,32.5964,0.6021
269,140.66,0.0190,0.9277,34.4347,0.7528,0.0205,0.9233,33.7672,0.7291,0.0207,0.9259,33.6756,0.7541,0.0191,0.9272,34.3867,0.7565,0.0239,0.9136,32.4209,0.6691,0.0065,0.9894,43.7127,0.9259,0.0232,0.8773,32.6757,0.6075
270,141.18,0.0190,0.9276,34.4092,0.7524,0.0205,0.9234,33.7695,0.7291,0.0207,0.9259,33.6743,0.7541,0.0191,0.9272,34.3837,0.7565,0.0239,0.9137,32.4305,0.6692,0.0095,0.9857,40.4262,0.9143,0.0233,0.8779,32.6574,0.6060
271,141.70,0.0191,0.9275,34.3829,0.7520,0.0205,0.9234,33.7721,0.7292,0.0207,0.9258,33.6731,0.7542,0.0191,0.9272,34.3811,0.7566,0.0239,0.9138,32.4404,0.6694,0.0067,0.9897,43.5268,0.9360,0.0233,0.8781,32.6563,0.6059
272,142.22,0.0192,0.9274,34.3559,0.7516,0.0205,0.9234,33.7747,0.7292,0.0207,0.9258,33.6730,0.7543,0.0191,0.9272,34.3792,0.7566,0.0238,0.9139,32.4502,0.6695,0.0076,0.9864,42.4281,0.9164,0.0232,0.8783,32.6922,0.6027
273,142.75,0.0192,0.9273,34.3282,0.7512,0.0205,0.9234,33.7773,0.7293,0.0207,0.9258,33.6748,0.7544,0.0191,0.9272,34.3777,0.7566,0.0238,0.9140,32.4596,0.6696,0.0085,0.9867,41.3970,0.9221,0.0233,0.8777,32.6599,0.6027
274,143.27,0.0193,0.9272,34.2998,0.7507,0.0205,0.9235,33.7794,0.7294,0.0207,0.9258,33.6788,0.7545,0.0191,0.9271,34.3767,0.7567,0.0238,0.9141,32.4691,0.6696,0.0054,0.9918,45.3765,0.9451,0.0234,0.8772,32.6280,0.5978
275,143.79,0.0193,0.9271,34.2707,0.7503,0.0205,0.9235,33.7810,0.7295,0.0207,0.9258,33.6850,0.7545,0.0191,0.9271,34.3760,0.7567,0.0238,0.9142,32.4783,0.6697,0.0075,0.9857,42.4660,0.9169,0.0233,0.8782,32.6645,0.6043
276,144.31,0.0194,0.9270,34.2409,0.7498,0.0205,0.9235,33.7821,0.7296,0.0207,0.9258,33.6927,0.7546,0.0191,0.9271,34.3757,0.7568,0.0237,0.9143,32.4868,0.6698,0.0069,0.9891,43.2051,0.9368,0.0234,0.8783,32.6107,0.6115
277,144.83,0.0195,0.9270,34.2104,0.7494,0.0205,0.9235,33.7826,0.7296,0.0207,0.9258,33.7006,0.7546,0.0191,0.9271,34.3757,0.7569,0.0237,0.9143,32.4948,0.6698,0.0066,0.9898,43.6431,0.9310,0.0231,0.8790,32.7102,0.6062
278,145.35,0.0195,0.9269,34.1793,0.7489,0.0205,0.9236,33.7827,0.7297,0.0206,0.9257,33.7071,0.7546,0.0191,0.9271,34.3759,0.7571,0.0237,0.9144,32.5016,0.6698,0.0067,0.9878,43.4967,0.9280,0.0231,0.8802,32.7198,0.6090
279,145.88,0.0196,0.9268,34.1476,0.7485,0.0205,0.9236,33.7828,0.7298,0.0206,0.9257,33.7108,0.7546,0.0191,0.9271,34.3765,0.7572,0.0237,0.9144,32.5069,0.6698,0.0068,0.9896,43.3368,0.9363,0.0235,0.8770,32.5929,0.6007
280,146.40,0.0197,0.9267,34.1152,0.7480,0.0205,0.9236,33.7833,0.7298,0.0206,0.9256,33.7107,0.7546,0.0191,0.9271,34.3775,0.7573,0.0237,0.9145,32.5115,0.6698,0.0077,0.9870,42.2679,0.9215,0.0234,0.8740,32.6005,0.5959
281,146.92,0.0198,0.9266,34.0822,0.7475,0.0205,0.9236,33.7845,0.7298,0.0206,0.9255,33.7064,0.7546,0.0191,0.9271,34.3788,0.7574,0.0237,0.9145,32.5145,0.6698,0.0062,0.9902,44.1608,0.9375,0.0233,0.8784,32.6617,0.6071
282,147.44,0.0198,0.9265,34.0486,0.7470,0.0204,0.9236,33.7867,0.7298,0.0207,0.9255,33.6978,0.7546,0.0191,0.9271,34.3805,0.7575,0.0237,0.9145,32.5167,0.6697,0.0080,0.9872,41.9203,0.9188,0.0233,0.8763,32.6401,0.6031
283,147.96,0.0199,0.9264,34.0144,0.7465,0.0204,0.9236,33.7900,0.7298,0.0207,0.9254,33.6858,0.7546,0.0191,0.9271,34.3824,0.7576,0.0237,0.9145,32.5169,0.6697,0.0076,0.9868,42.3328,0.9231,0.0231,0.8765,32.7193,0.5989
284,148.49,0.0200,0.9262,33.9797,0.7460,0.0204,0.9236,33.7941,0.7298,0.0207,0.9253,33.6712,0.7547,0.0191,0.9272,34.3844,0.7577,0.0237,0.9145,32.5163,0.6696,0.0072,0.9904,42.9034,0.9344,0.0231,0.8795,32.7277,0.6105
285,149.01,0.0201,0.9261,33.9444,0.7455,0.0204,0.9236,33.7987,0.7298,0.0208,0.9251,33.6553,0.7547,0.0191,0.9272,34.3863,0.7577,0.0237,0.9145,32.5143,0.6696,0.0091,0.9841,40.7926,0.9033,0.0232,0.8782,32.7002,0.6050
286,149.53,0.0202,0.9260,33.9085,0.7449,0.0204,0.9236,33.8035,0.7298,0.0208,0.9250,33.6393,0.7547,0.0191,0.9272,34.3880,0.7578,0.0237,0.9145,32.5119,0.6695,0.0068,0.9897,43.3844,0.9333,0.0231,0.8777,32.7389,0.5956
287,150.05,0.0202,0.9259,33.8722,0.7444,0.0204,0.9236,33.8080,0.7297,0.0208,0.9249,33.6239,0.7547,0.0191,0.9272,34.3892,0.7579,0.0237,0.9144,32.5076,0.6694,0.0091,0.9876,40.8120,0.9090,0.0231,0.8789,32.7284,0.6049
288,150.57,0.0203,0.9258,33.8353,0.7438,0.0204,0.9236,33.8119,0.7297,0.0209,0.9249,33.6098,0.7547,0.0191,0.9272,34.3901,0.7580,0.0237,0.9144,32.5032,0.6693,0.0091,0.9841,40.8269,0.8995,0.0234,0.8736,32.6156,0.5983
289,151.10,0.0204,0.9257,33.7979,0.7433,0.0204,0.9236,33.8150,0.7297,0.0209,0.9248,33.5970,0.7547,0.0191,0.9272,34.3905,0.7581,0.0237,0.9143,32.4980,0.6692,0.0070,0.9917,43.1223,0.9455,0.0231,0.8769,32.7159,0.6073
290,151.62,0.0205,0.9256,33.7600,0.7428,0.0204,0.9236,33.8173,0.7298,0.0209,0.9247,33.5856,0.7548,0.0191,0.9272,34.3906,0.7581,0.0237,0.9143,32.4929,0.6691,0.0110,0.9824,39.1678,0.8732,0.0228,0.8809,32.8456,0.6176
291,152.14,0.0206,0.9255,33.7217,0.7423,0.0204,0.9236,33.8190,0.7298,0.0210,0.9247,33.5753,0.7548,0.0191,0.9272,34.3904,0.7582,0.0237,0.9142,32.4870,0.6690,0.0082,0.9875,41.7278,0.9116,0.0231,0.8770,32.7099,0.6058
292,152.66,0.0207,0.9253,33.6829,0.7418,0.0204,0.9237,33.8202,0.7298,0.0210,0.9246,33.5661,0.7549,0.0191,0.9272,34.3902,0.7583,0.0238,0.9142,32.4821,0.6690,0.0094,0.9894,40.5320,0.9302,0.0232,0.8754,32.6765,0.6028
293,153.18,0.0208,0.9252,33.6436,0.7413,0.0204,0.9237,33.8211,0.7299,0.0210,0.9246,33.5579,0.7549,0.0191,0.9272,34.3900,0.7584,0.0238,0.9141,32.4773,0.6689,0.0095,0.9859,40.4597,0.8928,0.0230,0.8779,32.7800,0.6037
294,153.71,0.0209,0.9251,33.6040,0.7408,0.0204,0.9237,33.8221,0.7299,0.0210,0.9246,33.5509,0.7550,0.0191,0.9272,34.3901,0.7585,0.0238,0.9141,32.4734,0.6689,0.0083,0.9904,41.6031,0.9218,0.0233,0.8740,32.6637,0.5966
295,154.23,0.0210,0.9250,33.5639,0.7403,0.0204,0.9237,33.8232,0.7299,0.0210,0.9246,33.5451,0.7551,0.0191,0.9272,34.3904,0.7586,0.0238,0.9141,32.4700,0.6688,0.0128,0.9830,37.8479,0.8889,0.0232,0.8763,32.6902,0.6020
296,154.75,0.0211,0.9248,33.5234,0.7397,0.0204,0.9237,33.8245,0.7300,0.0210,0.9247,33.5406,0.7552,0.0191,0.9272,34.3912,0.7586,0.0238,0.9140,32.4676,0.6688,0.0082,0.9891,41.6998,0.9150,0.0231,0.8789,32.7264,0.6036
297,155.27,0.0212,0.9247,33.4825,0.7393,0.0204,0.9237,33.8260,0.7300,0.0210,0.9247,33.5376,0.7553,0.0191,0.9272,34.3922,0.7587,0.0238,0.9140,32.4661,0.6688,0.0111,0.9880,39.1011,0.9138,0.0232,0.8765,32.7046,0.6051
298,155.79,0.0213,0.9246,33.4413,0.7388,0.0204,0.9237,33.8276,0.7300,0.0210,0.9247,33.5360,0.7553,0.0191,0.9272,34.3936,0.7588,0.0238,0.9140,32.4659,0.6688,0.0142,0.9786,36.9436,0.8625,0.0229,0.8798,32.8113,0.6117
299,156.32,0.0214,0.9244,33.3997,0.7383,0.0203,0.9237,33.8292,0.7300,0.0210,0.9247,33.5355,0.7554,0.0191,0.9272,34.3951,0.7588,0.0238,0.9140,32.4665,0.6687,0.0080,0.9895,41.9037,0.9228,0.0231,0.8787,32.7346,0.6027
300,156.84,0.0215,0.9243,33.3577,0.7378,0.0203,0.9237,33.8308,0.7300,0.0210,0.9247,33.5358,0.7555,0.0191,0.9272,34.3967,0.7589,0.0238,0.9140,32.4681,0.6687,0.0150,0.9820,36.4986,0.8872,0.0234,0.8745,32.6202,0.5967
301,157.36,0.0216,0.9242,33.3155,0.7373,0.0203,0.9237,33.8322,0.7300,0.0210,0.9247,33.5364,0.7555,0.0191,0.9272,34.3983,0.7590,0.0238,0.9140,32.4705,0.6688,0.0107,0.9862,39.4048,0.9008,0.0232,0.8763,32.6928,0.6059
302,157.88,0.0217,0.9240,33.2728,0.7368,0.0203,0.9237,33.8337,0.7300,0.0210,0.9247,33.5368,0.7556,0.0191,0.9272,34.3997,0.7591,0.0238,0.9141,32.4738,0.6688,0.0078,0.9897,42.1408,0.9269,0.0230,0.8783,32.7489,0.6108
303,158.40,0.0218,0.9239,33.2299,0.7363,0.0203,0.9238,33.8353,0.7300,0.0210,0.9247,33.5367,0.7556,0.0191,0.9272,34.4010,0.7592,0.0238,0.9141,32.4777,0.6688,0.0183,0.9746,34.7515,0.8540,0.0228,0.8799,32.8323,0.6095
304,158.92,0.0219,0.9237,33.1867,0.7358,0.0203,0.9238,33.8370,0.7300,0.0210,0.9247,33.5358,0.7556,0.0190,0.9273,34.4021,0.7593,0.0238,0.9142,32.4824,0.6689,0.0080,0.9913,41.9858,0.9307,0.0229,0.8806,32.7959,0.6122
305,159.45,0.0220,0.9236,33.1432,0.7353,0.0203,0.9238,33.8390,0.7301,0.0211,0.9246,33.5341,0.7556,0.0190,0.9273,34.4030,0.7594,0.0237,0.9142,32.4874,0.6689,0.0081,0.9891,41.8077,0.9313,0.0227,0.8815,32.8802,0.6133
306,159.97,0.0221,0.9235,33.0995,0.7348,0.0203,0.9238,33.8412,0.7301,0.0211,0.9245,33.5316,0.7556,0.0190,0.9273,34.4036,0.7595,0.0237,0.9143,32.4930,0.6690,0.0154,0.9784,36.2300,0.8703,0.0227,0.8813,32.8961,0.6121
307,160.49,0.0222,0.9233,33.0554,0.7343,0.0203,0.9238,33.8436,0.7302,0.0211,0.9244,33.5286,0.7556,0.0190,0.9273,34.4041,0.7597,0.0237,0.9143,32.4983,0.6691,0.0066,0.9927,43.5845,0.9419,0.0227,0.8822,32.8784,0.6081
308,161.01,0.0224,0.9232,33.0112,0.7338,0.0203,0.9238,33.8459,0.7303,0.0211,0.9243,33.5255,0.7555,0.0190,0.9273,34.4043,0.7598,0.0237,0.9144,32.5046,0.6691,0.0102,0.9849,39.8175,0.9132,0.0228,0.8813,32.8543,0.6071
309,161.53,0.0225,0.9230,32.9666,0.7333,0.0203,0.9238,33.8480,0.7304,0.0211,0.9242,33.5224,0.7555,0.0190,0.9273,34.4044,0.7599,0.0237,0.9144,32.5117,0.6692,0.0097,0.9874,40.2419,0.9159,0.0227,0.8828,32.8764,0.6188
310,162.06,0.0226,0.9229,32.9219,0.7328,0.0203,0.9238,33.8498,0.7305,0.0211,0.9241,33.5199,0.7555,0.0190,0.9273,34.4044,0.7601,0.0237,0.9145,32.5183,0.6693,0.0062,0.9924,44.1813,0.9459,0.0226,0.8825,32.9099,0.6148
311,162.58,0.0227,0.9227,32.8770,0.7323,0.0203,0.9238,33.8511,0.7306,0.0211,0.9240,33.5180,0.7554,0.0190,0.9273,34.4044,0.7602,0.0236,0.9145,32.5259,0.6695,0.0133,0.9786,37.5277,0.8833,0.0225,0.8828,32.9448,0.6086
312,163.10,0.0228,0.9225,32.8318,0.7318,0.0203,0.9238,33.8518,0.7308,0.0211,0.9239,33.5168,0.7553,0.0190,0.9273,34.4043,0.7603,0.0236,0.9146,32.5343,0.6696,0.0063,0.9916,44.0649,0.9387,0.0226,0.8838,32.8997,0.6118
313,163.62,0.0229,0.9224,32.7865,0.7313,0.0203,0.9238,33.8523,0.7309,0.0211,0.9239,33.5163,0.7553,0.0190,0.9273,34.4043,0.7604,0.0236,0.9147,32.5436,0.6698,0.0069,0.9908,43.2452,0.9419,0.0227,0.8798,32.8637,0.5998
314,164.14,0.0231,0.9222,32.7409,0.7308,0.0203,0.9238,33.8525,0.7310,0.0211,0.9238,33.5162,0.7552,0.0190,0.9273,34.4044,0.7606,0.0236,0.9148,32.5527,0.6700,0.0109,0.9828,39.2691,0.9039,0.0226,0.8814,32.9089,0.6035
315,164.67,0.0232,0.9221,32.6952,0.7303,0.0203,0.9238,33.8528,0.7311,0.0211,0.9237,33.5163,0.7552,0.0190,0.9273,34.4047,0.7607,0.0235,0.9149,32.5634,0.6702,0.0062,0.9904,44.1932,0.9322,0.0225,0.8818,32.9559,0.6126
316,165.19,0.0233,0.9219,32.6494,0.7297,0.0203,0.9238,33.8536,0.7312,0.0211,0.9237,33.5163,0.7551,0.0190,0.9273,34.4052,0.7608,0.0235,0.9150,32.5746,0.6704,0.0092,0.9866,40.7281,0.9217,0.0225,0.8820,32.9500,0.6132
317,165.71,0.0234,0.9217,32.6034,0.7292,0.0203,0.9238,33.8551,0.7312,0.0211,0.9237,33.5159,0.7551,0.0190,0.9273,34.4060,0.7608,0.0235,0.9151,32.5860,0.6707,0.0080,0.9878,41.8884,0.9266,0.0226,0.8837,32.9352,0.6145
318,166.23,0.0236,0.9216,32.5572,0.7287,0.0203,0.9238,33.8575,0.7312,0.0211,0.9236,33.5149,0.7551,0.0190,0.9273,34.4071,0.7609,0.0234,0.9152,32.5983,0.6709,0.0072,0.9873,42.8442,0.9211,0.0223,0.8846,33.0236,0.6147
319,166.75,0.0237,0.9214,32.5109,0.7281,0.0203,0.9238,33.8610,0.7312,0.0211,0.9236,33.5130,0.7551,0.0190,0.9273,34.4085,0.7610,0.0234,0.9153,32.6104,0.6712,0.0099,0.9844,40.0920,0.9113,0.0226,0.8822,32.9263,0.6123
320,167.28,0.0238,0.9212,32.4645,0.7276,0.0203,0.9238,33.8654,0.7311,0.0211,0.9236,33.5103,0.7551,0.0190,0.9274,34.4102,0.7610,0.0234,0.9154,32.6229,0.6715,0.0059,0.9911,44.5744,0.9427,0.0227,0.8810,32.8848,0.6051
321,167.80,0.0239,0.9211,32.4180,0.7270,0.0203,0.9239,33.8706,0.7311,0.0211,0.9236,33.5068,0.7551,0.0190,0.9274,34.4122,0.7610,0.0233,0.9155,32.6351,0.6717,0.0076,0.9858,42.4311,0.9185,0.0227,0.8799,32.8857,0.6061
322,168.32,0.0241,0.9209,32.3714,0.7265,0.0202,0.9239,33.8763,0.7311,0.0211,0.9235,33.5025,0.7551,0.0190,0.9274,34.4144,0.7611,0.0233,0.9157,32.6474,0.6720,0.0080,0.9873,41.9873,0.9287,0.0227,0.8813,32.8917,0.6159
323,168.84,0.0242,0.9207,32.3246,0.7260,0.0202,0.9239,33.8820,0.7310,0.0211,0.9235,33.4975,0.7552,0.0190,0.9274,34.4167,0.7611,0.0233,0.9158,32.6588,0.6722,0.0062,0.9904,44.0938,0.9354,0.0224,0.8822,32.9865,0.6170
324,169.36,0.0243,0.9206,32.2778,0.7255,0.0202,0.9239,33.8873,0.7310,0.0212,0.9235,33.4919,0.7552,0.0190,0.9274,34.4192,0.7611,0.0233,0.9159,32.6692,0.6724,0.0071,0.9868,42.9363,0.9235,0.0224,0.8830,33.0113,0.6190
325,169.88,0.0245,0.9204,32.2309,0.7249,0.0202,0.9239,33.8919,0.7310,0.0212,0.9235,33.4856,0.7553,0.0190,0.9274,34.4217,0.7611,0.0232,0.9160,32.6786,0.6726,0.0072,0.9888,42.8646,0.9340,0.0226,0.8820,32.9268,0.6154
326,170.41,0.0246,0.9202,32.1839,0.7244,0.0202,0.9240,33.8955,0.7311,0.0212,0.9235,33.4785,0.7553,0.0190,0.9275,34.4240,0.7611,0.0232,0.9161,32.6864,0.6728,0.0075,0.9874,42.5047,0.9245,0.0225,0.8797,32.9373,0.6043
327,170.93,0.0247,0.9200,32.1369,0.7239,0.0202,0.9240,33.8979,0.7311,0.0212,0.9234,33.4707,0.7554,0.0190,0.9275,34.4263,0.7612,0.0232,0.9162,32.6931,0.6730,0.0067,0.9891,43.4385,0.9331,0.0224,0.8831,33.0010,0.6104
328,171.45,0.0249,0.9198,32.0898,0.7233,0.0202,0.9240,33.8988,0.7312,0.0212,0.9234,33.4619,0.7555,0.0190,0.9275,34.4283,0.7612,0.0232,0.9162,32.6973,0.6730,0.0078,0.9876,42.1276,0.9236,0.0226,0.8803,32.9173,0.6054
329,171.97,0.0250,0.9197,32.0427,0.7228,0.0202,0.9240,33.8985,0.7313,0.0213,0.9234,33.4522,0.7556,0.0190,0.9275,34.4302,0.7613,0.0232,0.9162,32.7001,0.6731,0.0079,0.9861,42.0594,0.9214,0.0225,0.8802,32.9627,0.6060
330,172.49,0.0251,0.9195,31.9955,0.7223,0.0202,0.9241,33.8969,0.7314,0.0213,0.9233,33.4419,0.7557,0.0190,0.9275,34.4319,0.7614,0.0232,0.9163,32.7013,0.6731,0.0074,0.9899,42.6270,0.9356,0.0224,0.8832,33.0021,0.6190
331,173.02,0.0253,0.9193,31.9483,0.7217,0.0202,0.9241,33.8946,0.7315,0.0213,0.9233,33.4315,0.7558,0.0190,0.9275,34.4336,0.7615,0.0232,0.9163,32.6998,0.6731,0.0090,0.9844,40.9476,0.9048,0.0224,0.8827,32.9974,0.6138
332,173.54,0.0254,0.9191,31.9010,0.7212,0.0202,0.9241,33.8921,0.7316,0.0213,0.9232,33.4219,0.7558,0.0190,0.9275,34.4354,0.7615,0.0232,0.9162,32.6969,0.6730,0.0074,0.9882,42.6082,0.9293,0.0223,0.8835,33.0430,0.6085
333,174.06,0.0255,0.9189,31.8537,0.7207,0.0202,0.9241,33.8901,0.7317,0.0213,0.9232,33.4142,0.7559,0.0190,0.9276,34.4375,0.7616,0.0232,0.9162,32.6915,0.6729,0.0091,0.9879,40.8558,0.9150,0.0224,0.8832,32.9961,0.6112
334,174.58,0.0257,0.9187,31.8064,0.7202,0.0202,0.9241,33.8894,0.7318,0.0214,0.9232,33.4097,0.7560,0.0190,0.9276,34.4400,0.7617,0.0232,0.9162,32.6852,0.6728,0.0093,0.9833,40.6210,0.8980,0.0226,0.8786,32.9213,0.6023
335,175.10,0.0258,0.9185,31.7591,0.7197,0.0202,0.9241,33.8906,0.7319,0.0214,0.9231,33.4098,0.7561,0.0190,0.9276,34.4430,0.7617,0.0232,0.9161,32.6769,0.6727,0.0073,0.9908,42.6872,0.9427,0.0224,0.8810,33.0115,0.6118
336,175.63,0.0260,0.9183,31.7118,0.7192,0.0202,0.9241,33.8941,0.7320,0.0213,0.9232,33.4155,0.7561,0.0190,0.9276,34.4465,0.7618,0.0233,0.9160,32.6670,0.6726,0.0110,0.9831,39.1975,0.8820,0.0221,0.8853,33.1236,0.6216
337,176.15,0.0261,0.9181,31.6645,0.7186,0.0202,0.9241,33.8997,0.7320,0.0213,0.9232,33.4271,0.7561,0.0189,0.9276,34.4502,0.7618,0.0233,0.9159,32.6562,0.6725,0.0088,0.9859,41.1290,0.9071,0.0224,0.8807,33.0006,0.6129
338,176.67,0.0263,0.9179,31.6172,0.7181,0.0202,0.9241,33.9064,0.7321,0.0213,0.9233,33.4442,0.7562,0.0189,0.9277,34.4536,0.7618,0.0233,0.9158,32.6452,0.6724,0.0092,0.9899,40.7388,0.9351,0.0226,0.8784,32.9204,0.6076
339,177.19,0.0264,0.9177,31.5699,0.7176,0.0202,0.9241,33.9123,0.7321,0.0212,0.9234,33.4653,0.7562,0.0189,0.9277,34.4558,0.7618,0.0234,0.9158,32.6339,0.6723,0.0106,0.9833,39.5288,0.8797,0.0229,0.8756,32.8076,0.6002
340,177.71,0.0265,0.9175,31.5227,0.7171,0.0202,0.9241,33.9143,0.7320,0.0212,0.9236,33.4876,0.7562,0.0189,0.9277,34.4557,0.7618,0.0234,0.9157,32.6229,0.6722,0.0085,0.9897,41.4543,0.9205,0.0245,0.8611,32.2226,0.5667
341,178.24,0.0267,0.9173,31.4754,0.7166,0.0202,0.9240,33.9082,0.7319,0.0211,0.9237,33.5065,0.7562,0.0189,0.9277,34.4515,0.7618,0.0234,0.9156,32.6129,0.6721,0.0122,0.9846,38.2407,0.9012,0.0258,0.8459,31.7606,0.5412
342,178.76,0.0268,0.9171,31.4282,0.7160,0.0202,0.9239,33.8879,0.7318,0.0211,0.9239,33.5162,0.7563,0.0190,0.9276,34.4406,0.7618,0.0234,0.9156,32.6043,0.6721,0.0089,0.9877,40.9712,0.9068,0.0274,0.8289,31.2509,0.5103
343,179.28,0.0270,0.9169,31.3810,0.7155,0.0203,0.9237,33.8436,0.7317,0.0211,0.9240,33.5087,0.7564,0.0190,0.9276,34.4193,0.7618,0.0234,0.9157,32.5972,0.6723,0.0105,0.9889,39.5359,0.9174,0.0288,0.8125,30.8177,0.4825
