z,prep (post kz-fft),nufft,lam0.02,lam0.08,lam0.25,glam0.02,glam0.08,glam0.25,b1_den_median
0.000000000000000000e+00,1.212738970934879035e-05,6.794861747039249167e-06,1.118095860874745995e-05,1.101135057979263365e-05,9.655605936131905764e-06,1.116944895329652354e-05,1.055154461937490851e-05,9.933559340424835682e-06,1.208874940872192383e+00
1.000000000000000000e+00,1.304218676523305476e-05,7.235532848426373675e-06,1.183233234769431874e-05,1.148625142377568409e-05,1.016157239064341411e-05,1.179727951239328831e-05,1.151227115769870579e-05,1.027140024234540761e-05,1.265654087066650391e+00
2.000000000000000000e+00,1.401564713887637481e-05,7.532882591476663947e-06,1.255417828360805288e-05,1.225194137077778578e-05,1.041561154124792665e-05,1.256526502402266487e-05,1.216155942529439926e-05,1.084745599655434489e-05,1.301608324050903320e+00
3.000000000000000000e+00,1.497514949733158574e-05,7.858337994548492134e-06,1.345005421171663329e-05,1.304411125602200627e-05,1.158175837190356106e-05,1.340586368314689025e-05,1.306208014284493402e-05,1.114968563342699781e-05,1.288252592086791992e+00
4.000000000000000000e+00,1.617499947315081954e-05,8.611912562628276646e-06,1.504459942225366831e-05,1.409106425853678957e-05,1.320489900535903871e-05,1.509249705122783780e-05,1.464680735807633027e-05,1.242852704308461398e-05,1.221902012825012207e+00
5.000000000000000000e+00,1.756339770508930087e-05,9.486464477959088981e-06,1.697012339718639851e-05,1.634137697692494839e-05,1.494680873292963952e-05,1.709884236333891749e-05,1.670766869210638106e-05,1.401042391080409288e-05,1.143988847732543945e+00
6.000000000000000000e+00,1.852949935710057616e-05,9.575533113093115389e-06,1.722161505313124508e-05,1.653550498303957283e-05,1.513377173978369683e-05,1.733883254928514361e-05,1.692083424131851643e-05,1.420600165147334337e-05,1.246981859207153320e+00
7.000000000000000000e+00,1.942350536410231143e-05,1.005868307402124628e-05,1.809474451874848455e-05,1.741772393870633096e-05,1.595461799297481775e-05,1.814620009099598974e-05,1.741114101605489850e-05,1.498341862316010520e-05,1.237193465232849121e+00
8.000000000000000000e+00,2.087247958115767688e-05,1.068915298674255610e-05,1.949435500137042254e-05,1.895485002023633569e-05,1.695257014944218099e-05,1.957540371222421527e-05,1.910809623950626701e-05,1.683600567048415542e-05,1.231348514556884766e+00
9.000000000000000000e+00,2.275676160934381187e-05,1.195975710288621485e-05,2.197282810811884701e-05,2.131496330548543483e-05,2.038823731709271669e-05,2.215298809460364282e-05,2.150695945601910353e-05,1.889127815957181156e-05,1.148476362228393555e+00
1.000000000000000000e+01,2.427335493848659098e-05,1.305661044170847163e-05,2.425911407044623047e-05,2.356010554649401456e-05,1.979980697797145694e-05,2.432972723909188062e-05,2.376959673711098731e-05,2.327992297068703920e-05,1.102408885955810547e+00
1.100000000000000000e+01,2.562342524470295757e-05,1.361929116683313623e-05,2.533143560867756605e-05,2.451928048685658723e-05,2.138100535375997424e-05,2.531578502384945750e-05,2.477203452144749463e-05,2.397885327809490263e-05,1.132513046264648438e+00
1.200000000000000000e+01,2.708447937038727105e-05,1.435057492926716805e-05,2.655862408573739231e-05,2.581406442914158106e-05,2.416740062471944839e-05,2.674235656741075218e-05,2.627258982101920992e-05,2.513691651984117925e-05,1.133565425872802734e+00
1.300000000000000000e+01,2.832206700986716896e-05,1.524188064649933949e-05,2.840350862243212759e-05,2.786950608424376696e-05,2.660358586581423879e-05,2.848750409611966461e-05,2.786263939924538136e-05,2.657446930243168026e-05,1.109803199768066406e+00
1.400000000000000000e+01,2.951881833723746240e-05,1.609112950973212719e-05,3.000648757733870298e-05,2.932858478743582964e-05,2.857391882571391761e-05,3.035294685105327517e-05,2.951052556454669684e-05,2.857316394511144608e-05,1.076972603797912598e+00
1.500000000000000000e+01,3.021764860022813082e-05,1.592732587596401572e-05,2.954078263428527862e-05,2.870992830139584839e-05,2.484871765773277730e-05,2.955233503598719835e-05,2.922604289778973907e-05,2.762892836472019553e-05,1.137473583221435547e+00
1.600000000000000000e+01,3.048272083105985075e-05,1.630115730222314596e-05,3.048004145966842771e-05,2.927505192928947508e-05,2.893368582590483129e-05,3.040151204913854599e-05,2.991234578075818717e-05,2.868064439098816365e-05,1.088979482650756836e+00
1.700000000000000000e+01,3.016570008185226470e-05,1.621333103685174137e-05,3.008685780514497310e-05,2.963957558677066118e-05,2.872138247766997665e-05,3.007637496921233833e-05,2.964186751341912895e-05,2.870631396945100278e-05,1.083645582199096680e+00
1.800000000000000000e+01,3.007733175763860345e-05,1.588131272001191974e-05,2.974925519083626568e-05,2.924414729932323098e-05,2.829227196343708783e-05,2.968190528918057680e-05,2.926905290223658085e-05,2.838094223989173770e-05,1.102422952651977539e+00
1.900000000000000000e+01,3.023482167918700725e-05,1.605654142622370273e-05,2.992524605360813439e-05,2.958101504191290587e-05,2.856155151675920933e-05,2.995533941430039704e-05,2.963366387120913714e-05,2.879940984712447971e-05,1.092124462127685547e+00
2.000000000000000000e+01,3.082677721977233887e-05,1.629420512472279370e-05,3.033295797649770975e-05,3.012308116012718529e-05,2.936640339612495154e-05,3.034085057151969522e-05,3.011956141563132405e-05,2.934279291366692632e-05,1.079747200012207031e+00
2.100000000000000000e+01,3.105317591689527035e-05,1.638619505683891475e-05,3.078876034123823047e-05,3.048977850994560868e-05,2.935717384389135987e-05,3.075779022765345871e-05,3.045398079848382622e-05,2.967539512610528618e-05,1.069668292999267578e+00
2.200000000000000000e+01,3.005897815455682576e-05,1.601869371370412409e-05,3.036886846530251205e-05,2.979096097988076508e-05,2.881127147702500224e-05,3.037033820874057710e-05,2.984348975587636232e-05,2.911239789682440460e-05,1.065568566322326660e+00
2.300000000000000000e+01,2.963770202768500894e-05,1.577008697495330125e-05,2.968067929032258689e-05,2.927350942627526820e-05,2.823546492436435074e-05,2.982501246151514351e-05,2.926566412497777492e-05,2.854277045116759837e-05,1.074540376663208008e+00
2.400000000000000000e+01,2.963066253869328648e-05,1.583392986503895372e-05,2.985108949360437691e-05,2.921172745118383318e-05,2.453569504723418504e-05,2.991608926095068455e-05,2.941126876976341009e-05,2.876350299629848450e-05,1.060021996498107910e+00
2.500000000000000000e+01,2.936623241112101823e-05,1.544893530081026256e-05,2.905401379393879324e-05,2.856074206647463143e-05,2.400761331955436617e-05,2.916188896051608026e-05,2.873972152883652598e-05,2.813129140122327954e-05,1.081057071685791016e+00
2.600000000000000000e+01,2.847857649612706155e-05,1.499035352026112378e-05,2.805600888677872717e-05,2.770901119220070541e-05,2.319164195796474814e-05,2.817300628521479666e-05,2.770898936432786286e-05,2.719438816711772233e-05,1.088072299957275391e+00
2.700000000000000000e+01,2.746765130723360926e-05,1.439476636733161286e-05,2.696671253943350166e-05,2.641169157868716866e-05,2.232404222013428807e-05,2.699485594348516315e-05,2.661225335032213479e-05,2.596167541923932731e-05,1.094197988510131836e+00
2.800000000000000000e+01,2.614779077703133225e-05,1.373943996441084892e-05,2.544624112488236278e-05,2.522932300053071231e-05,2.197332105424720794e-05,2.553801095928065479e-05,2.523381954233627766e-05,2.483994103386066854e-05,1.105703353881835938e+00
2.900000000000000000e+01,2.516014683351386338e-05,1.324743789155036211e-05,2.464411227265372872e-05,2.430874701531138271e-05,2.395057344983797520e-05,2.465055877109989524e-05,2.431149187032133341e-05,2.394959665252827108e-05,1.104694485664367676e+00
3.000000000000000000e+01,2.421267890895251185e-05,1.285309826926095411e-05,2.370861875533591956e-05,2.343901724088937044e-05,2.275506631121970713e-05,2.372490234847646207e-05,2.340022365387994796e-05,2.301803942827973515e-05,1.105655670166015625e+00
3.100000000000000000e+01,2.335393583052791655e-05,1.243215501744998619e-05,2.286025846842676401e-05,2.257947562611661851e-05,2.219783345935866237e-05,2.277421481267083436e-05,2.254863466077949852e-05,2.220087299065198749e-05,1.112936139106750488e+00
3.200000000000000000e+01,2.273635982419364154e-05,1.199380585603648797e-05,2.203504118369892240e-05,2.175960253225639462e-05,2.136705552402418107e-05,2.197000867454335093e-05,2.159101131837815046e-05,2.059522012132219970e-05,1.131612539291381836e+00
3.300000000000000000e+01,2.212712206528522074e-05,1.147958664660109207e-05,2.100088568113278598e-05,2.084472907881718129e-05,2.034700082731433213e-05,2.094808587571606040e-05,2.054751348623540252e-05,1.969599725271109492e-05,1.175572395324707031e+00
3.400000000000000000e+01,2.154333196813240647e-05,1.141932716564042494e-05,2.078932084259577096e-05,2.053436219284776598e-05,1.995159618672914803e-05,2.074839903798419982e-05,2.021898581006098539e-05,1.908207377709913999e-05,1.135572552680969238e+00
3.500000000000000000e+01,2.106117244693450630e-05,1.093164519261335954e-05,1.971610799955669791e-05,1.928074379975441843e-05,1.821598198148421943e-05,1.980528213607612997e-05,1.924001117004081607e-05,1.820483703340869397e-05,1.195684432983398438e+00
3.600000000000000000e+01,2.043372478510718793e-05,1.057033205142943189e-05,1.900416282296646386e-05,1.849546970333904028e-05,1.747300120769068599e-05,1.905337194330058992e-05,1.847588282544165850e-05,1.746447378536686301e-05,1.229909181594848633e+00
3.700000000000000000e+01,1.975503801077138633e-05,1.008302660920890048e-05,1.809684545150958002e-05,1.766684181347955018e-05,1.673594124440569431e-05,1.810060530260670930e-05,1.767791400197893381e-05,1.674033410381525755e-05,1.256448030471801758e+00
3.800000000000000000e+01,1.909255479404237121e-05,9.556680197420064360e-06,1.719588908599689603e-05,1.673489350650925189e-05,1.586929647601209581e-05,1.723188324831426144e-05,1.682896618149243295e-05,1.571230859553907067e-05,1.285621166229248047e+00
3.900000000000000000e+01,1.851341585279442370e-05,8.984370651887729764e-06,1.620824696146883070e-05,1.590960891917347908e-05,1.595851244928780943e-05,1.609497485333122313e-05,1.556392635393422097e-05,1.342890027444809675e-05,1.356434583663940430e+00
4.000000000000000000e+01,1.821184559958055615e-05,9.370845873490907252e-06,1.689344571786932647e-05,1.667735705268569291e-05,1.441866334062069654e-05,1.687030635366681963e-05,1.627456549613270909e-05,1.400937162543414161e-05,1.204868435859680176e+00
4.100000000000000000e+01,1.798812263587024063e-05,8.759696356719359756e-06,1.580091156938578933e-05,1.576907197886612266e-05,1.583289849804714322e-05,1.584169694979209453e-05,1.564357989991549402e-05,1.312634776695631444e-05,1.331116676330566406e+00
4.200000000000000000e+01,1.770030939951539040e-05,8.826942575979046524e-06,1.595271533005870879e-05,1.584538586030248553e-05,1.334371063421713188e-05,1.592597982380539179e-05,1.579505442350637168e-05,1.320389765169238672e-05,1.268450260162353516e+00
4.300000000000000000e+01,1.720287764328531921e-05,8.787476872385013849e-06,1.569517007737886161e-05,1.565770435263402760e-05,1.313343000219902024e-05,1.570986387378070503e-05,1.559987867949530482e-05,1.301055726798949763e-05,1.235780954360961914e+00
4.400000000000000000e+01,1.651904676691628993e-05,8.684562999405898154e-06,1.548327418277040124e-05,1.532933492853771895e-05,1.438690833310829476e-05,1.547265856061130762e-05,1.514464020146988332e-05,1.327085101365810260e-05,1.189817667007446289e+00
4.500000000000000000e+01,1.592855551280081272e-05,8.101634193735662848e-06,1.435188096365891397e-05,1.427216193405911326e-05,1.336960485787130892e-05,1.438104936823947355e-05,1.404596878273878247e-05,1.233486455021193251e-05,1.268961548805236816e+00
4.600000000000000000e+01,1.548866566736251116e-05,8.078563041635788977e-06,1.431878445146139711e-05,1.404660270054591820e-05,1.335467641183640808e-05,1.435700050933519378e-05,1.397813684889115393e-05,1.225475443789036945e-05,1.208660840988159180e+00
4.700000000000000000e+01,1.512675498815951869e-05,7.819920938345603645e-06,1.401222380081890151e-05,1.379889272357104346e-05,1.305801924900151789e-05,1.399974826199468225e-05,1.367055574519326910e-05,1.199329744849819690e-05,1.219484090805053711e+00
4.800000000000000000e+01,1.461211195419309661e-05,7.233350970636820421e-06,1.293094828724861145e-05,1.276374587177997455e-05,1.154250185209093615e-05,1.295052243222016841e-05,1.265477203560294583e-05,1.131879616877995431e-05,1.335356116294860840e+00
4.900000000000000000e+01,1.363631417916622013e-05,7.013353297224966809e-06,1.245428848051233217e-05,1.231877922691637650e-05,1.158406939794076607e-05,1.247064119525020942e-05,1.220658123202156276e-05,1.087211148842470720e-05,1.250546097755432129e+00
5.000000000000000000e+01,1.240110213984735310e-05,6.166728326206794009e-06,1.086562042473815382e-05,1.084784526028670371e-05,9.081954885914456099e-06,1.092005186364986002e-05,1.032650015986291692e-05,9.424023119208868593e-06,1.342536687850952148e+00
5.100000000000000000e+01,1.154978053818922490e-05,5.801007318950723857e-06,1.032952422974631190e-05,1.028338920150417835e-05,9.539930033497512341e-06,1.035299646900966763e-05,9.605042578186839819e-06,7.347294740611687303e-06,1.289163470268249512e+00
5.200000000000000000e+01,1.110878110921476036e-05,5.603539648291189224e-06,1.003702982416143641e-05,1.000461361400084570e-05,9.312484507972840220e-06,1.001856253424193710e-05,9.374678484164178371e-06,7.167035164457047358e-06,1.263521909713745117e+00
5.300000000000000000e+01,1.058796078723389655e-05,5.368645361158996820e-06,9.656542715674731880e-06,9.590648915036581457e-06,8.920551408664323390e-06,9.610576853447128087e-06,9.067929568118415773e-06,7.132115570129826665e-06,1.249723911285400391e+00
